,Target,fblk,nblk,anchor_exact_keyword,anchor_keyword,pa_score,ref_dom,outb_dom,mon_visits,keywords_ranked_on,cwvm,cwvd,mf,ssl,si,Tlen,Tkw,Mlen,Mkw,h1,h1len,h1kw,h2,h2len,h2kw,h3,h3len,h3kw,alt,altkw,linkin,linkout,urllen,urlkw,txtlen,txtkw,domain_age
0,0,466,957,451,948,79,403,10,16000000.0,5000000,51.0,94.0,1,1,2,43,1,138,1,1,13,1,8,25,6,1,52.0,0,5,1,136,14,90,1,2175,55,23
1,0,60000,10500,40702,44594,98,5300,123,6700000000.0,327000000,95.0,99.0,1,1,2,25,1,0,0,1,13,1,15,21,0,32,22.0,1,8,1,1723,642,43,1,7626,137,0
2,0,1800,2400,634,1493,62,805,35,3900000.0,191000,79.0,97.0,1,1,2,22,1,195,3,1,22,1,6,43,5,5,24.0,1,23,9,828,74,57,1,2591,217,8
3,0,968,1300,589,1300,85,466,1,33100000.0,5800000,28.0,54.0,1,1,2,28,1,155,1,2,14,2,6,28,6,6,20.0,0,3,0,62,5,45,1,1318,41,36
4,0,3700,1000,254,761,70,492,6,24700000.0,2900000,48.0,66.0,1,1,1,84,1,153,2,1,22,1,8,26,5,19,31.0,7,48,4,139,49,54,1,2045,103,33
5,0,7500,6900,511,9209,81,2600,8,49300000.0,2900000,42.0,62.0,1,1,1,24,1,159,2,1,28,1,25,23,2,40,26.0,2,130,3,406,37,54,1,2238,42,10
6,0,2500,360,76,303,67,166,4,13400000.0,1800000,30.0,84.0,1,1,2,53,1,155,3,1,55,1,12,27,6,11,33.0,8,16,6,178,14,82,2,2183,78,13
7,0,55900,20700,8635,31187,54,5200,10,95700.0,10000,100.0,100.0,0,1,1,13,1,0,0,1,13,1,4,13,1,1,52.0,0,0,0,32,4,33,1,408,9,6
8,0,33900,19400,146,31342,53,5200,81,297000.0,3500,91.0,100.0,0,0,1,33,1,0,0,0,0,0,1,33,1,0,0.0,0,1,0,56,15,41,1,105,10,9
9,0,493,1300,189,1428,71,463,5,5000000.0,299000,29.0,66.0,1,1,2,46,1,157,2,1,13,1,19,19,2,28,19.0,1,10,0,92,11,62,1,2743,22,10
10,2,244,317,40,230,78,111,37,8100000.0,2700000,27.0,69.0,1,1,2,20,1,252,1,1,13,1,13,21,0,6,36.0,2,8,1,36,399,65,1,393,11,25
11,2,31,8,3,32,71,11,14,2700000.0,329000,74.0,78.0,1,1,1,36,1,0,0,1,22,1,9,16,0,0,0.0,0,2,0,177,85,160,1,1097,11,0
12,2,43,86,9,65,76,50,0,11800000.0,811000,24.0,44.0,1,1,2,44,1,194,1,1,32,0,9,19,1,4,10.0,0,6,0,35,21,58,1,759,34,20
13,2,156,451,49,137,62,120,0,44700.0,53900,34.0,89.0,1,1,2,56,1,161,1,1,56,1,3,58,1,7,35.0,3,3,1,70,33,94,1,3908,66,10
14,2,5,13,0,3,94,9,0,273000000.0,52300000,44.0,78.0,1,1,1,107,1,0,0,1,101,1,9,23,2,9,36.0,2,21,0,484,229,53,0,10168,141,0
15,2,78,35,0,75,67,32,5,1900000.0,350000,99.0,98.0,0,1,1,23,1,0,0,1,23,1,6,14,0,13,30.0,0,2,0,22,12,37,1,387,8,35
16,2,76,165,21,148,63,58,0,3900000.0,179000,70.0,99.0,1,1,2,33,1,150,1,1,13,1,1,22,1,4,32.0,3,0,0,32,5,68,1,373,15,5
17,2,68,700,0,82,55,84,6,316000.0,240000,37.0,86.0,1,1,2,77,1,113,0,1,59,1,2,16,0,24,33.0,4,3,0,81,16,66,1,2054,27,10
18,2,86,62,5,87,94,68,10,1100000000.0,36700000,35.0,91.0,1,1,2,40,1,149,1,1,19,1,0,0,0,0,0.0,0,1,0,135,60,67,1,192,3,31
19,2,58,409,1,410,84,42,28,7000000.0,2400000,18.0,52.0,1,1,1,51,1,142,2,1,24,1,7,23,2,5,28.0,1,7,0,54,12,62,1,403,16,23
20,1,87,42,0,103,38,56,54,4000.0,726,47.0,70.0,1,1,2,34,1,0,0,0,0,0,1,7,0,10,24.0,1,35,0,79,35,36,1,142,10,5
21,1,209,24,8,177,51,36,4,506000.0,16500,54.0,90.0,1,1,1,111,1,120,0,2,19,1,2,169,0,2,175.0,0,6,3,19,10,45,1,377,17,0
22,1,127,0,0,0,28,1,2,82100.0,39600,92.0,99.0,0,1,1,101,1,0,0,0,0,0,1,101,1,1,8.0,0,1,0,18,4,44,0,226,3,22
23,1,11,14,1,5,57,14,0,827000.0,63600,96.0,99.0,1,1,2,38,1,164,2,1,13,1,10,50,0,5,21.0,1,1,0,89,5,49,1,357,18,8
24,1,120,206,1,143,86,48,2,22800000.0,2600000,1.0,21.0,1,1,1,56,1,171,1,1,29,1,1,49,1,7,20.0,0,13,2,53,148,95,2,808,22,23
25,1,44,194,10,83,52,71,1,596000.0,244000,11.0,58.0,1,1,1,82,1,164,1,1,64,1,10,25,7,9,21.0,0,9,4,39,5,97,1,1632,48,3
26,1,510,647,0,110,47,229,9,22900.0,12800,0.0,0.0,1,1,1,66,1,69,1,1,55,1,12,24,0,7,23.0,0,6,0,115,9,40,1,4322,26,3
27,1,109,301,0,114,43,127,12,56000.0,15900,79.0,99.0,1,1,2,53,1,147,2,1,33,1,8,49,5,13,15.0,1,4,0,132,12,59,1,2245,26,0
28,1,54,15,0,32,41,42,2,68700.0,14900,47.0,88.0,1,1,1,57,1,454,1,1,44,1,5,30,4,45,15.0,2,40,3,60,8,72,0,1452,15,4
29,1,80,354,0,355,62,85,0,234000.0,117000,26.0,79.0,1,1,1,27,1,406,6,1,19,1,11,14,1,1,6.0,0,6,0,177,15,34,1,203,14,16
30,0,234000,20900,91325,258104,100,18000,408,7900000000.0,398000000,85.0,99.0,1,1,2,22,1,0,0,1,10,1,14,14,1,13,14.0,3,19,0,1816,521,40,1,5043,144,0
31,0,3200,28200,28323,31348,99,1500,7,109000000.0,32000000,40.0,60.0,1,1,2,62,1,700,2,2,9,1,0,0,0,3,45.0,3,5,1,147,21,48,2,385,20,28
32,0,1200,14200,14112,14587,98,562,10,55600000.0,15000000,58.0,79.0,1,1,2,48,1,314,1,1,10,1,9,31,9,0,0.0,0,0,0,119,43,44,1,553,23,28
33,0,15100000,665000,728545,1266494,100,107000,7900,730000000.0,29900000,27.0,40.0,1,1,1,21,1,142,1,1,19,1,13,16,0,66,46.0,0,55,2,310,81,35,1,1410,15,34
34,0,237,86,115,246,99,132,0,157000000.0,23700000,48.0,73.0,1,1,2,51,1,124,1,1,32,1,8,23,7,3,13.0,0,1,0,344,48,62,1,970,80,25
35,0,24500,4800,22765,23072,69,994,9,8800000.0,1600000,40.0,61.0,1,1,1,54,1,176,1,1,10,1,0,0,0,17,59.0,0,11,0,58,23,48,1,292,16,28
36,0,8700,713,1104,6735,85,1200,2,98200000.0,9300000,42.0,70.0,1,1,1,53,1,138,1,1,10,1,63,56,0,2,23.0,0,11,1,228,18,33,1,803,1,32
37,0,1700,805,425,1260,99,651,4,146000000.0,19100000,39.0,55.0,1,1,2,49,1,151,2,1,10,1,11,21,4,2,31.0,0,14,0,136,27,53,1,635,34,24
38,0,32900,8600,939,4178,100,1100,13,424000000.0,34900000,55.0,68.0,1,1,1,25,1,97,1,0,0,0,9,14,1,39,68.0,4,0,0,191,30,41,1,677,9,29
39,0,641,428,210,629,64,328,0,40500000.0,14900000,56.0,93.0,1,1,2,85,2,148,4,1,19,1,18,24,11,9,30.0,0,93,32,546,10,73,1,1527,100,28
40,2,443,45,40,390,76,241,2,13200000.0,1700000,42.0,60.0,1,1,1,22,1,64,1,1,10,1,0,0,0,0,0.0,0,0,0,69,17,37,1,445,6,28
41,2,1300,272,284,514,71,412,52,15700000.0,2000000,28.0,37.0,1,1,1,20,1,309,1,1,10,1,1,81,0,1,56.0,0,8,1,392,47,30,1,954,28,27
42,2,322,244,231,457,92,259,16,77900000.0,8600000,61.0,69.0,1,1,2,74,2,148,1,1,10,1,3,27,3,0,0.0,0,0,0,61,85,43,1,447,20,0
43,2,1200,941,31,787,91,724,26,18100000.0,5300000,57.0,60.0,1,1,2,55,1,150,1,1,27,1,1,14,0,9,37.0,6,10,0,126,39,57,0,2277,24,24
44,2,105,130,44,85,65,73,34,1000000.0,1500000,76.0,89.0,1,1,1,35,1,0,0,1,10,1,9,23,2,7,26.0,1,3,0,244,42,53,1,3431,99,17
45,2,2500,284,1,1763,97,433,0,147000000.0,25100000,33.0,86.0,1,1,1,64,1,138,1,1,22,1,12,19,1,18,40.0,2,6,2,45,27,60,1,652,9,26
46,2,13,4,7,10,78,12,0,19900000.0,2300000,82.0,98.0,1,1,2,51,1,162,2,1,37,1,12,32,4,26,37.0,10,80,2,275,11,60,1,1702,67,14
47,2,3300,444,25,375,100,218,9,742000000.0,30200000,31.0,73.0,1,1,2,19,0,108,1,1,4,0,4,13,0,3,12.0,0,4,0,73,236,37,0,350,0,30
48,2,177,38,78,140,72,83,2,6000000.0,1800000,100.0,100.0,0,1,1,10,1,0,0,1,10,1,2,30,2,3,16.0,0,0,0,4,0,66,2,382,21,24
49,2,326,173,151,281,67,222,5,4300000.0,912000,33.0,37.0,1,1,2,46,1,40,1,1,10,1,1,5,0,24,53.0,1,4,0,47,13,40,1,254,3,19
50,1,663,311,0,580,81,202,7,59300000.0,13000000,75.0,91.0,1,1,2,45,1,160,1,1,38,1,7,15,0,8,91.0,1,3,0,34,26,38,0,405,6,26
51,1,598,504,17,511,79,404,1,19100000.0,3300000,37.0,75.0,1,1,1,52,1,52,0,1,37,1,0,0,0,0,0.0,0,4,0,69,11,77,1,732,23,38
52,1,5,0,0,0,66,4,0,1600000.0,689000,33.0,80.0,1,1,1,50,1,614,3,1,16,1,12,14,0,4,59.0,1,13,0,194,24,63,2,226,13,29
53,1,3,2,0,3,57,4,2,3300000.0,69900,58.0,92.0,1,1,1,43,1,134,1,1,43,1,22,17,1,6,49.0,0,32,2,69,13,70,1,1429,17,26
54,1,376,47,95,112,37,106,8,5900000.0,1300000,33.0,80.0,1,1,2,44,1,385,1,1,10,1,10,15,0,8,40.0,1,12,0,468,63,52,1,640,15,21
55,1,106,0,54,106,86,19,0,54900000.0,10600000,65.0,85.0,1,1,2,46,1,0,0,1,48,1,5,16,0,24,53.0,0,2,0,65,24,42,1,500,2,29
56,1,294,132,4,293,66,207,7,4200000.0,242000,14.0,51.0,1,1,1,71,1,177,2,1,31,1,15,32,5,7,19.0,0,6,0,186,24,71,1,1569,31,28
57,1,627,216,41,206,83,320,6,6500000.0,2000000,75.0,95.0,1,1,1,38,1,176,1,1,10,1,0,0,0,9,9.0,0,7,0,155,18,43,0,47,2,11
58,1,1600000,22700,1,58,86,10400,33,48000000.0,1600000,65.0,85.0,1,1,2,53,0,150,0,1,40,0,7,42,0,19,16.0,0,11,0,151,49,53,0,273,0,37
59,1,851,257,0,484,37,480,62,46700.0,4300,55.0,85.0,1,1,1,55,1,151,1,1,11,0,7,46,4,0,0.0,0,2,2,111,14,50,0,1112,38,25
60,0,135000,42700,54058,76617,98,16600,243,6700000000.0,327000000,84.0,98.0,1,1,2,35,1,0,0,1,23,1,16,12,0,40,18.0,1,11,0,3681,612,53,1,11430,160,0
61,0,2800,9200,1483,2243,64,1500,6,74000000.0,11200000,75.0,54.0,1,1,2,54,1,138,1,1,54,1,8,32,4,3,4.0,0,4,0,131,26,67,1,1391,33,23
62,0,1900,1600,565,1414,78,959,13,16000000.0,5000000,50.0,64.0,1,1,2,72,1,160,1,1,37,1,1,14,0,13,39.0,6,8,1,157,18,83,1,3728,27,23
63,0,5000,4100,1963,3466,81,2400,10,93000000.0,29100000,34.0,56.0,1,1,2,100,1,709,1,2,17,1,5,13,0,4,47.0,3,4,0,105,41,61,1,718,39,27
64,0,17200,48500,7070,16368,70,5200,1300,2500000.0,1000000,52.0,78.0,1,1,2,66,1,164,1,1,24,1,19,30,11,38,26.0,3,20,4,266,54,43,1,4714,57,23
65,0,8600,18400,558,2749,85,1900,7,33100000.0,5800000,19.0,50.0,1,1,2,43,1,137,1,2,28,1,23,25,6,6,28.0,1,9,4,70,11,63,1,1815,28,36
66,0,3800,1700,509,1712,63,1600,59,36900.0,19700,32.0,80.0,1,1,2,70,1,151,2,1,43,1,10,25,0,6,14.0,1,16,1,126,96,78,1,3763,40,19
67,0,2100,4600,407,1898,58,545,7,5100000.0,576000,91.0,99.0,1,1,2,55,1,134,1,1,64,1,18,41,12,26,37.0,6,16,6,267,10,69,1,6339,134,3
68,0,7800,5600,3007,3847,62,1100,1,4000000.0,784000,16.0,80.0,1,1,2,65,1,224,1,1,23,1,12,35,5,15,18.0,1,9,1,303,98,81,1,1803,19,32
69,0,444,416,215,310,67,219,10,13400000.0,1800000,65.0,92.0,1,1,2,88,1,159,2,1,59,1,16,43,8,42,27.0,5,17,6,174,20,102,2,3376,76,13
70,2,517,98,151,182,84,165,0,38600000.0,6300000,71.0,97.0,1,1,2,41,1,100,0,1,23,1,4,75,0,6,13.0,0,0,0,336,47,42,1,760,3,28
71,2,298,187,1,282,85,205,10,46900000.0,15400000,63.0,87.0,1,1,2,37,1,160,1,1,30,1,7,19,0,7,70.0,0,5,0,31,27,38,0,292,5,25
72,2,868,14000,93,334,82,417,46,4600000.0,1900000,42.0,73.0,1,1,2,30,1,63,1,1,23,1,8,17,1,15,42.0,1,14,0,134,18,44,1,972,12,0
73,2,2200,3800,648,1200,82,648,50,13000000.0,4700000,38.0,51.0,1,1,2,84,1,103,1,1,76,1,19,33,1,8,34.0,0,11,0,242,74,105,1,6875,23,27
74,2,2000,289,920,972,75,400,3,2900000.0,445000,48.0,60.0,1,1,2,47,1,0,0,1,23,1,3,20,0,18,38.0,1,1,0,69,13,63,1,381,13,24
75,2,1900,1500,299,1422,82,393,0,6300000.0,2600000,63.0,100.0,1,1,1,44,1,152,2,2,1,0,2,1,0,35,64.0,4,1,0,418,6,73,1,1074,7,27
76,2,278,841,11,147,46,315,1,49300000.0,2900000,42.0,60.0,1,1,2,85,2,166,2,1,42,1,19,28,4,29,28.0,6,40,0,88,24,64,0,1200,22,10
77,2,719,1200,35,293,77,414,5,14800000.0,818000,16.0,49.0,0,1,2,71,1,167,1,2,25,1,11,20,1,17,31.0,0,12,0,243,35,78,1,1868,20,22
78,2,1400,13100,34,707,83,312,14,59000000.0,4100000,21.0,65.0,0,1,2,64,1,257,0,1,28,1,5,37,2,12,34.0,2,1,0,161,42,46,1,1159,16,0
79,2,746,366,0,23,77,262,31,7900000.0,1800000,29.0,87.0,1,1,1,79,1,158,1,1,35,1,9,21,0,42,56.0,0,5,0,98,19,63,0,1434,5,32
80,1,639,37,613,615,35,41,2,8000000.0,1400000,17.0,51.0,1,1,2,41,1,134,1,1,23,1,4,18,0,34,22.0,1,0,0,104,22,62,1,641,6,15
81,1,73,29,8,16,44,49,3,571000.0,472000,33.0,61.0,0,1,1,23,1,0,0,1,23,1,3,21,0,0,0.0,0,15,0,55,16,50,0,146,5,0
82,1,3500,5700,482,4316,72,1400,0,661000.0,297000,95.0,97.0,1,1,2,53,1,179,1,1,232,1,11,25,1,1,68.0,0,20,3,137,8,85,1,2443,23,9
83,1,168,97,13,126,88,101,0,697000000.0,47800000,14.0,51.0,1,1,2,62,1,80,0,1,41,1,23,54,2,2,8.5,0,4,0,53,10,57,1,935,11,28
84,1,1400,618,73,1239,73,147,13,2400000.0,298000,17.0,54.0,1,1,2,45,0,146,1,1,39,1,30,43,1,56,32.0,5,109,0,171,37,80,1,1906,21,27
85,1,128,333,11,60,52,140,75,51400.0,12300,21.0,79.0,1,1,2,49,1,139,1,1,49,1,5,36,2,2,16.0,0,113,0,171,107,65,1,2945,17,0
86,1,157,117,2,102,49,133,3,76600.0,26900,25.0,37.0,1,1,2,56,1,138,1,1,56,1,3,18,1,5,22.0,0,37,0,28,10,68,1,546,18,13
87,1,288,14,1,289,78,23,0,3000000.0,743000,43.0,74.0,1,1,1,73,1,169,1,0,0,0,12,29,2,0,0.0,0,21,1,74,9,75,1,991,15,36
88,1,7,13,0,3,72,7,21,3200000.0,518000,26.0,79.0,1,1,1,44,1,155,1,1,23,1,7,17,0,4,53.0,4,2,0,247,6,62,1,249,9,0
89,1,104,64,0,44,81,74,34,4700000.0,1700000,49.0,87.0,0,1,1,66,1,116,1,0,0,0,9,17,0,1,7.0,0,12,2,99,29,67,1,427,8,0
90,0,478,362,149,439,53,331,1,4000000.0,784000,21.0,72.0,1,1,2,48,1,148,1,1,11,1,5,31,2,16,22.0,6,14,4,321,96,61,1,1248,36,32
91,0,583,1100,284,938,52,466,9,74000000.0,11200000,66.0,55.0,1,1,2,69,1,148,1,1,69,1,14,27,12,19,18.0,1,6,1,148,28,51,1,2654,90,23
92,0,180,287,74,171,78,149,11,16000000.0,5000000,48.0,70.0,1,1,2,20,1,146,2,1,11,1,1,14,0,10,33.0,9,5,1,138,15,73,1,1919,63,23
93,0,25300,3400,15855,18948,98,3500,48,6700000000.0,327000000,94.0,100.0,1,1,2,23,1,0,0,1,11,1,15,18,0,19,22.0,2,5,0,933,150,41,1,3649,135,0
94,0,287,69,264,341,87,54,14,94600000.0,26800000,49.0,88.0,1,1,2,88,3,131,3,1,21,1,6,16,0,2,17.0,0,19,0,429,61,59,1,306,21,26
95,0,368,326,101,282,85,235,1,33100000.0,5800000,17.0,55.0,1,1,2,26,1,137,1,2,11,2,5,22,5,5,20.0,0,2,0,55,4,43,1,1331,31,36
96,0,353,921,17,1728,68,320,0,41100000.0,4000000,32.0,48.0,1,1,1,33,1,275,7,1,20,1,18,20,7,5,12.0,0,72,5,180,13,38,1,2281,160,11
97,0,285,169,38,166,72,124,16,10300000.0,1900000,51.0,52.0,1,1,2,66,1,0,0,1,46,1,13,26,9,34,18.0,0,7,0,359,22,54,1,2728,64,38
98,0,280,284,43,237,67,176,2,13400000.0,1800000,66.0,98.0,1,1,2,51,1,150,4,1,81,1,13,31,6,42,35.0,12,16,4,152,12,55,1,2504,95,13
99,0,87,99,5,112,77,71,1,9400000.0,1000000,43.0,64.0,1,1,1,40,1,151,2,1,30,1,9,27,6,14,24.0,1,2,0,120,13,58,1,1380,43,26
100,2,74,85,0,115,38,38,20,119000.0,82800,52.0,61.0,1,1,1,146,1,4,0,0,0,0,3,35,1,10,21.0,0,9,1,74,26,50,0,402,8,25
101,2,167,374,20,229,58,148,0,19200000.0,2300000,37.0,86.0,1,1,2,62,2,149,6,1,62,2,18,22,8,10,17.0,0,5,2,399,11,48,1,2244,89,13
102,2,46,183,0,35,77,77,2,104000000.0,6300000,51.0,79.0,1,1,2,61,1,211,0,1,45,1,2,24,0,2,34.0,0,4,0,565,118,82,1,1193,34,13
103,2,526000,476,0,211630,76,112,5,4300000.0,139000,68.0,95.0,1,1,2,74,1,0,0,1,39,1,16,23,0,4,26.0,1,11,3,61,33,66,1,1065,8,7
104,2,221,78,41,76,59,129,2,5100000.0,575000,58.0,99.0,1,1,2,64,1,210,3,1,11,1,4,26,0,16,23.0,2,71,0,156,37,75,1,2452,90,3
105,2,340,120,5,53,75,201,9,5900000.0,1100000,76.0,98.0,1,1,2,54,1,180,0,1,55,1,11,20,0,3,16.0,0,13,0,93,18,39,1,2293,13,25
107,2,45,7,0,25,68,18,0,82.0,113000,78.0,99.0,1,1,2,42,1,0,0,1,24,1,2,37,0,1,37.0,0,3,0,43,6,64,1,146,3,0
108,2,21,9,5,24,68,13,1,167000.0,68100,47.0,88.0,1,1,2,62,1,138,2,1,22,1,1,25,0,6,13.0,0,5,0,214,9,53,1,239,7,20
109,2,40,226,16,120,76,64,0,11800000.0,820000,50.0,78.0,1,1,2,63,1,144,2,2,28,1,8,17,5,17,31.0,0,18,1,52,21,37,1,801,28,21
110,1,27,65,0,26,52,47,9,355000.0,117000,59.0,91.0,1,1,2,24,1,108,2,1,24,1,17,13,2,2,18.0,0,40,6,86,23,67,1,1544,29,12
111,1,34,0,0,34,24,4,7,35900.0,116000,21.0,69.0,1,1,1,106,1,97,0,0,0,0,6,22,1,1,24.0,0,5,0,63,40,121,0,149,4,11
112,1,55,115,0,62,64,83,6,6700000.0,2100000,43.0,93.0,1,1,2,69,2,125,1,1,19,1,1,35,1,5,36.0,2,17,4,94,13,43,1,1161,40,10
113,1,13,91,0,23,86,29,0,26300000.0,6700000,35.0,80.0,1,1,1,73,1,158,2,2,31,1,9,17,0,4,24.0,0,6,1,190,19,82,1,303,6,37
114,1,17,40,1,14,82,33,20,13100000.0,4900000,27.0,78.0,0,1,2,74,1,0,0,1,40,1,8,43,5,24,15.0,1,6,0,171,29,57,1,3365,49,37
115,1,196000,25,0,29,28,40,5,103000.0,13300,54.0,95.0,1,1,1,39,1,0,0,1,29,1,6,13,0,31,72.0,0,0,0,66,17,41,0,384,1,2
116,1,18,101,1,27,88,49,1,134000000.0,37400000,58.0,76.0,1,1,2,45,1,218,2,1,39,1,4,17,0,7,62.0,5,32,0,135,2,89,1,1954,65,14
117,1,29,7,0,14,73,13,10,20800000.0,2000000,19.0,40.0,1,1,2,92,2,200,1,1,22,1,31,47,5,1,23.0,0,34,0,50,107,66,1,918,23,6
118,1,1400,681,2,1190,38,540,114,11700.0,5000,83.0,90.0,0,1,1,120,2,0,0,1,20,1,10,49,0,14,14.0,0,19,2,306,41,48,1,5736,35,16
119,1,15000,3500,0,627,39,1200,75,323.0,953,83.0,98.0,1,1,1,17,1,0,0,1,3,0,1,32,1,3,113.0,2,0,0,11,1,16,0,178,5,25
120,0,53600000,23500000,8662535,23437925,81,177000,33500,21600000.0,1300000,83.0,95.0,1,1,2,21,1,52,1,6,18,0,10,21,4,0,0.0,0,1,1,139,74,23,1,691,38,27
121,0,165000,19100,101389,135787,97,9200,132,6700000000.0,327000000,77.0,84.0,1,1,2,41,1,0,0,1,29,1,19,21,1,23,18.0,1,10,2,1682,593,59,1,6229,580,0
122,0,1700000,82000,4841,1104833,82,9400,7,109000000.0,3700000,86.0,99.0,1,1,1,15,1,168,1,1,15,1,29,17,16,21,11.0,0,3,0,464,92,33,1,201,95,22
123,0,3200,696,1765,2854,74,692,0,8900000.0,813000,35.0,65.0,1,1,2,39,1,284,4,1,6,1,19,16,2,99,30.0,37,2,0,244,31,50,1,885,51,11
124,0,1500000,50200,17820,968795,62,6100,36,23300000.0,907000,47.0,84.0,1,1,1,24,1,155,3,1,24,1,5,21,5,11,21.0,9,3,1,143,54,44,1,503,97,11
125,0,4300,3500,320,4654,81,1900,4,49300000.0,2900000,35.0,61.0,1,1,2,31,1,160,1,1,35,1,16,18,0,27,22.0,4,16,0,140,27,47,1,2021,41,10
126,0,848,574,39,1028,62,456,0,109000000.0,3700000,79.0,98.0,1,1,1,22,1,168,1,1,19,1,17,16,9,25,13.0,3,3,0,443,88,49,1,326,94,22
127,0,2000,752,162,2078,64,708,8,39200000.0,3900000,52.0,75.0,1,1,1,15,1,384,6,1,15,1,10,21,8,0,0.0,0,7,2,105,5,47,1,1147,107,16
128,0,29700000,1200000,1236,14331293,67,24300,2200,8000000.0,715000,90.0,99.0,1,1,1,30,2,147,4,1,21,1,22,43,20,6,23.0,2,21,20,148,7,23,1,7577,1001,10
129,0,19000,15900,919,26861,54,5600,25,652000.0,41400,57.0,80.0,1,1,1,47,2,96,3,1,7,0,0,0,0,5,21.0,1,2,1,72,43,28,1,288,17,12
130,2,6300000,587000,147,653464,70,27300,1800,1800000.0,61900,96.0,99.0,1,1,1,22,0,184,0,0,0,0,7,29,0,12,20.0,0,52,0,28,34,20,0,418,2,8
131,2,22,228,0,102,94,27,0,1100000000.0,36800000,48.0,93.0,1,1,2,51,1,133,2,1,22,1,4,19,0,0,0.0,0,0,0,169,8,67,1,116,9,31
132,2,970,1900,42,221,73,304,1,9700000.0,605000,22.0,50.0,1,1,2,40,1,0,0,1,22,1,1,12,0,1,45.0,0,5,0,94,27,44,1,66,8,14
133,2,2000,1700,605,2035,71,400,84,2300000.0,551000,24.0,76.0,1,1,1,32,1,135,0,1,15,1,11,17,4,8,26.0,5,6,1,117,53,39,1,1530,76,24
134,2,102,257,29,143,96,134,0,1200000000.0,114000000,76.0,80.0,1,1,2,70,1,241,2,2,28,2,2,20,0,28,35.0,11,24,11,87,5,47,1,432,17,20
135,2,36300,7200,66,8300,99,1200,89,92000000000.0,384000000,29.0,83.0,1,1,1,44,1,107,2,1,22,1,3,18,0,7,15.0,0,3,1,759,41,31,1,533,22,0
136,2,15600,6600,57,15868,45,1600,87,111000.0,11300,49.0,66.0,1,1,1,38,1,0,0,0,0,0,0,0,0,4,21.0,0,16,0,65,13,28,1,847,44,5
137,2,1500000,326000,78,3229,67,23500,362,6100000.0,257000,50.0,65.0,1,1,1,5,0,108,0,2,11,0,0,0,0,0,0.0,0,45,0,41,116,18,0,510,7,22
138,2,92400,75100,300,83000,54,7700,242,249000.0,40500,82.0,98.0,1,1,1,68,2,159,2,1,34,1,6,29,5,5,13.0,0,1,1,251,17,30,1,830,57,11
139,2,19400,23000,111,24647,53,4400,171,247000.0,63900,66.0,83.0,1,1,1,28,1,125,1,0,0,0,0,0,0,0,0.0,0,0,0,55,5,30,1,158,8,8
140,1,4400,943,0,1177,58,527,6,129000.0,24000,99.0,97.0,0,1,1,20,1,0,0,1,55,1,3,27,1,0,0.0,0,0,0,18,5,39,1,371,15,28
141,1,7,1,0,0,39,5,0,113000000000.0,350000000,35.0,81.0,1,1,2,50,1,73,2,1,28,1,6,18,0,0,0.0,0,34,0,24,19,103,2,1004,24,0
142,1,504,352,0,6,60,140,0,5000000.0,169000,71.0,97.0,1,1,2,35,1,0,0,2,23,1,0,0,0,4,10.0,0,1,0,78,47,46,1,4572,125,0
143,1,14,26,0,18,38,13,4,113000.0,5000,18.0,53.0,1,1,2,70,1,155,2,1,45,1,6,22,0,0,0.0,0,43,0,41,91,75,1,1928,41,0
144,1,21,1,2,8,69,10,2,455000.0,75600,89.0,92.0,1,1,1,21,1,0,0,2,16,1,1,8,0,4,12.0,0,3,0,17,5,69,1,133,7,24
145,1,6800,1100,19,1500,22,458,2,15300.0,2100,69.0,89.0,1,1,1,26,1,17,1,0,0,0,6,17,1,5,18.0,3,1,0,11,32,25,1,401,15,8
146,1,156,112,9,101,59,93,14,460000.0,121000,86.0,92.0,1,1,2,68,1,169,3,1,62,1,15,36,8,8,30.0,2,5,0,105,21,52,1,1720,87,10
147,1,42400,217,0,24804,88,364,0,450000000.0,34000000,10.0,71.0,1,1,2,75,1,81,0,1,48,1,7,122,0,1,11.0,0,2,0,196,27,94,1,1042,7,28
148,1,603,358,5,356,50,163,31,46400.0,28900,83.0,98.0,1,1,2,65,1,341,4,1,37,1,3,43,2,10,11.0,0,15,10,47,50,65,1,1106,55,17
149,1,73,86,0,24,59,47,8,5100000.0,580000,95.0,88.0,1,1,2,60,2,117,2,1,49,1,4,40,1,23,30.0,3,9,2,216,12,84,1,974,53,3
150,0,3500000,1700000,873510,2974612,81,34400,5,6900000.0,313000,30.0,75.0,1,1,1,13,1,27,1,1,33,1,0,0,0,0,0.0,0,1,1,8,7,24,1,21,4,26
151,0,55400,9700,3739,49144,82,4800,2,109000000.0,3700000,80.0,96.0,1,1,1,13,1,168,1,1,13,1,23,16,12,21,11.0,2,3,0,400,92,31,1,326,31,22
152,0,3600000,379000,8294,2881580,87,34000,339,39800000.0,5000000,32.0,90.0,1,1,1,33,1,160,1,1,22,1,4,21,2,7,45.0,5,5,2,191,63,41,1,264,40,34
153,0,132000,12400,114779,131694,97,7800,69,6700000000.0,327000000,96.0,100.0,1,1,2,39,1,0,0,1,27,1,16,13,1,24,14.0,4,11,3,1019,338,57,1,5278,378,0
154,0,2100,1100,576,2760,68,793,0,41100000.0,4000000,50.0,85.0,1,1,1,51,3,190,4,1,13,1,24,17,13,5,12.0,0,84,8,202,15,40,2,872,57,11
155,0,1200,596,61,1177,70,547,8,39200000.0,3900000,53.0,87.0,1,1,1,13,1,440,6,1,13,1,8,17,6,2,19.0,0,8,3,122,5,45,1,884,62,16
156,0,3900,1700,559,3734,74,1500,2,8900000.0,813000,35.0,60.0,1,1,2,23,1,110,1,1,10,1,24,20,2,32,18.0,8,4,0,124,23,43,1,1130,61,11
157,0,20600,6400,178,13679,62,3200,20,23300000.0,907000,73.0,95.0,1,1,1,22,1,149,3,1,22,1,4,18,4,17,18.0,15,3,1,213,55,42,1,683,169,11
158,0,2100000,253000,169015,2240204,97,34200,821,6700000000.0,327000000,90.0,99.0,1,1,2,16,1,0,0,1,4,1,13,17,0,18,19.0,0,14,3,938,227,34,1,5524,270,0
159,0,58400,6600,1080,60203,47,2600,0,87900.0,19200,47.0,55.0,1,1,1,45,2,0,0,1,22,1,4,25,2,12,21.0,4,2,1,30,32,17,1,396,57,0
160,2,2500,3700,82,2895,95,820,2,629000000.0,87000000,64.0,93.0,0,1,1,31,1,0,0,1,31,1,1,12,0,1,11.0,0,1,0,12,21,48,0,124,8,35
161,2,460,55,38,494,83,129,7,50300000.0,4900000,27.0,80.0,1,1,2,67,2,86,1,1,67,2,16,33,10,35,29.0,21,21,17,99,55,45,1,2100,102,17
162,2,14700,2500,292,1808,85,889,18,33100000.0,5800000,31.0,76.0,1,1,1,58,1,0,0,0,0,0,0,0,0,27,55.0,15,3,0,185,34,41,1,309,14,36
163,2,5600,173,4679,4834,71,207,7,788000.0,369000,43.0,87.0,1,1,1,35,1,67,1,1,4,1,7,22,5,9,22.0,0,39,12,288,34,27,1,1058,49,26
164,2,10200,3900,57,8800,65,2000,21,366000.0,116000,99.0,100.0,0,1,1,41,2,0,0,0,0,0,2,33,2,2,26.0,0,0,0,34,7,31,1,782,18,28
165,2,5400,12400,100,9304,83,1100,8,266000000.0,2100000,19.0,36.0,1,1,1,60,1,142,1,1,37,1,2,62,2,7,13.0,0,8,0,245,31,56,1,1002,47,25
166,2,2400,1100,13,2683,46,847,40,400000.0,39800,62.0,90.0,1,1,1,35,1,300,0,1,16,0,2,20,0,0,0.0,0,2,0,22,10,33,1,277,8,0
167,2,63900,9000,409,30066,63,2700,760,231000.0,148000,36.0,80.0,1,1,2,29,1,0,0,1,4,1,0,0,0,12,29.0,10,3,0,108,37,31,1,229,28,26
168,2,354000,231000,334,234606,61,20300,2500,14300000.0,1000000,63.0,98.0,1,1,1,8,0,82,1,0,0,0,9,19,4,12,17.0,0,4,0,94,4,25,0,190,12,11
169,2,47600,16100,146,1584,52,3200,61,227000.0,18700,65.0,90.0,1,1,1,15,0,191,0,1,34,0,2,31,0,0,0.0,0,1,0,25,32,21,0,126,6,2
170,1,1800,22,10,900,32,28,2,15100.0,12100,95.0,100.0,1,1,2,68,1,107,1,1,27,1,11,31,7,17,15.0,2,10,5,94,18,52,1,1541,84,8
171,1,19600,4100,5,108,81,806,1,10500000.0,1600000,17.0,52.0,1,1,2,53,0,0,0,1,37,0,5,14,0,75,14.0,1,3,0,436,29,55,0,4972,3,28
172,1,0,0,0,0,0,0,0,0.0,0,71.0,98.0,1,1,2,52,1,70,0,1,30,1,6,15,0,0,0.0,0,20,0,22,16,75,0,1113,15,0
173,1,1700,256,0,501,70,220,64,3500000.0,1700000,95.0,86.0,0,1,1,49,1,0,0,1,13,0,1,63,2,3,23.0,2,2,1,49,9,30,0,350,32,0
174,1,9600,1500,0,3990,34,550,4,3400.0,846,61.0,90.0,1,1,1,33,1,363,2,1,4,0,15,22,2,8,39.0,0,36,2,89,37,19,0,452,8,0
175,1,12,28,0,24,58,27,0,327000.0,89500,97.0,82.0,1,1,2,44,1,251,4,1,44,1,8,27,3,6,36.0,0,7,1,130,18,56,1,1660,44,22
176,1,0,0,0,0,0,0,0,0.0,0,22.0,69.0,1,1,2,39,1,389,5,1,42,2,1,0,0,0,0.0,0,0,0,41,14,78,2,66,9,31
177,1,0,0,0,0,0,0,0,0.0,0,43.0,72.0,1,1,2,43,1,171,2,1,34,1,3,23,1,5,7.0,0,2,0,164,22,65,1,135,7,17
178,1,74,245,0,105,75,97,9,1700000.0,525000,27.0,79.0,0,1,1,62,1,147,2,1,39,1,15,36,3,13,21.0,0,5,1,117,21,68,1,2528,104,30
179,1,3,11,0,3,39,10,0,244000.0,104000,73.0,94.0,1,1,2,57,2,173,1,1,44,2,0,0,0,24,21.0,18,3,1,176,7,45,1,2995,102,6
180,0,409,1200,209,384,67,262,2,13400000.0,1800000,25.0,79.0,1,1,2,77,1,160,2,1,70,1,20,29,11,19,28.0,6,17,10,194,15,80,2,3453,134,13
181,0,44400,3300,5518,6486,97,3100,34,6700000000.0,327000000,95.0,100.0,1,1,2,24,1,0,0,1,12,1,6,15,0,12,14.0,0,2,0,311,110,42,1,1002,52,0
182,0,770,563,80,602,85,345,3,33100000.0,5800000,22.0,48.0,1,1,2,26,1,129,1,2,12,2,8,26,7,3,23.0,1,6,1,77,5,57,1,2130,46,36
183,0,10000,4700,8741,10483,81,875,2,49300000.0,2900000,30.0,61.0,1,1,2,56,1,198,2,1,12,1,15,29,7,31,33.0,9,36,0,215,24,44,1,1392,43,10
184,0,87000,10100,312,6307,70,3600,837,2500000.0,1100000,54.0,94.0,1,1,2,50,1,147,3,1,13,1,11,24,9,22,43.0,8,18,1,252,16,32,1,3187,72,23
185,0,684,602,152,528,85,371,7,19400000.0,4500000,40.0,96.0,1,1,2,52,2,178,2,1,21,1,14,30,3,3,14.0,0,3,0,74,11,69,2,1042,15,37
186,0,922,425,317,425,67,273,9,206000.0,55200,33.0,67.0,1,1,2,90,2,150,1,1,12,1,4,26,3,7,14.0,0,9,1,462,29,44,1,263,12,18
187,0,1600,435,143,1098,59,270,11,5100000.0,580000,93.0,100.0,1,1,2,39,1,138,1,1,40,1,14,30,10,13,35.0,4,8,0,269,17,58,1,1515,64,3
188,0,260,1100,186,306,78,259,11,16000000.0,5000000,40.0,59.0,1,1,2,40,1,290,2,1,40,1,2,22,0,14,33.0,13,10,4,142,18,69,1,3459,96,23
189,0,69,23,11,55,96,66,2,2900000000.0,151000000,18.0,48.0,0,1,2,62,2,99,2,1,21,1,19,33,12,68,23.0,6,5,0,1219,51,44,1,3022,55,28
190,2,291,879,43,312,50,306,12,5600000.0,616000,15.0,37.0,1,1,1,75,1,215,2,1,46,1,32,10,0,15,20.0,2,65,1,50,19,43,1,1612,19,23
191,2,126000,14800,41,51860,60,6600,58,341000.0,41600,76.0,97.0,1,1,1,28,1,763,3,2,13,1,3,16,0,0,0.0,0,1,0,38,147,23,0,684,6,0
192,2,1700,921,0,111,78,250,0,324000.0,36200,36.0,70.0,1,1,1,45,1,167,2,1,0,0,2,21,0,19,43.0,0,12,2,42,31,40,0,311,5,26
193,2,277,326,3,232,72,197,1,1600000.0,289000,50.0,65.0,1,1,2,66,1,150,1,1,27,0,1,37,0,4,17.0,1,5,1,68,10,80,2,698,19,25
194,2,1200000,33700,11,234553,51,3800,875,82000.0,18400,61.0,95.0,1,1,2,45,2,145,2,1,18,1,22,19,5,18,18.0,3,53,30,139,17,28,1,1443,39,9
195,2,1800,476,637,1661,93,332,20,645000000.0,23700000,56.0,90.0,1,1,2,81,2,149,3,2,19,1,19,12,0,23,20.0,2,15,1,201,44,36,1,785,14,15
196,2,7100,3800,16,3734,41,1700,532,8100.0,2000,34.0,63.0,1,1,1,28,1,172,1,0,0,0,19,20,3,0,0.0,0,15,1,101,14,31,0,236,12,7
197,2,67,59,25,45,31,98,6,24700000.0,2900000,34.0,70.0,1,1,1,32,1,48,1,1,12,1,8,26,4,12,25.0,2,38,0,124,50,53,1,634,9,33
198,2,163,347,10,104,81,123,0,13000000.0,4700000,31.0,70.0,1,1,1,49,1,126,0,1,26,1,1,12,1,11,14.0,1,4,1,137,21,31,1,195,8,35
199,2,86,40,10,37,71,85,0,3200000.0,985000,33.0,72.0,1,1,2,76,1,143,3,1,20,1,9,23,1,29,31.0,4,18,6,248,7,87,1,739,17,10
200,1,2800,94,42,60,53,60,32,1700000.0,625000,56.0,69.0,1,1,1,29,1,32,1,1,12,1,10,8,0,0,0.0,0,31,2,151,78,35,1,308,15,34
201,1,237,286,42,230,50,60,16,217000.0,71300,47.0,58.0,1,1,1,49,1,217,5,1,38,1,17,33,15,13,34.0,13,3,4,55,42,39,1,5635,161,0
202,1,43,436,0,28,67,58,22,1500000.0,309000,34.0,79.0,1,1,1,48,1,121,0,1,16,1,13,20,1,8,19.0,4,5,1,90,21,66,1,410,12,32
203,1,3,14,0,0,75,4,26,3700000.0,728000,53.0,79.0,1,1,2,64,2,207,1,1,20,1,10,21,1,4,12.0,0,1,0,39,18,49,1,357,7,0
204,1,103,55,8,27,59,59,4,3300000.0,317000,27.0,61.0,1,1,1,32,1,138,0,4,27,3,1,24,0,6,21.0,1,13,0,251,433,40,1,764,53,29
205,1,253,186,0,102,85,133,18,46900000.0,15500000,48.0,89.0,1,1,2,58,1,154,1,1,51,1,8,19,0,11,57.0,3,5,0,37,30,38,0,565,8,25
206,1,124,160,18,91,70,110,2,1000000.0,340000,28.0,91.0,1,1,1,38,1,173,1,1,21,1,20,19,7,33,26.0,1,18,4,328,36,59,1,1869,38,26
207,1,150,461,18,79,30,128,4,9700.0,9100,72.0,91.0,1,1,1,66,1,130,1,1,21,1,1,44,0,10,38.0,4,1,1,22,20,41,1,2387,30,26
208,1,1500,1700,0,2486,34,661,156,3500.0,668,19.0,13.0,1,1,2,77,1,299,1,0,0,0,1,10,0,12,19.0,0,22,22,57,6,35,1,339,11,5
209,1,15,101,1,13,79,34,2,6100000.0,2100000,56.0,85.0,1,1,1,77,1,371,0,1,12,1,1,18,0,9,16.0,0,3,0,192,45,68,1,678,19,33
210,0,367000,15200,71324,80436,97,11000,111,6700000000.0,328000000,88.0,99.0,1,1,2,28,1,0,0,1,16,1,19,18,0,31,23.0,1,7,0,1595,311,46,1,8217,178,0
211,0,1700,1300,1117,1694,78,986,12,16000000.0,5000000,51.0,81.0,1,1,2,49,1,277,2,1,16,1,1,14,0,14,44.0,12,7,2,141,15,76,1,2428,71,23
212,0,3900,3100,2577,3538,68,1400,3,4000000.0,787000,25.0,76.0,1,1,2,53,1,181,2,1,16,1,8,31,4,20,39.0,9,13,2,345,83,66,1,2376,57,32
213,0,57500,38000,8484,58288,81,9700,7,49300000.0,2900000,37.0,61.0,1,1,2,69,1,154,2,1,58,1,13,23,1,29,30.0,2,22,1,147,27,47,1,1941,35,10
214,0,206000,3000,204046,206216,85,2300,8,33100000.0,5800000,26.0,55.0,1,1,2,31,1,148,1,2,16,2,9,33,9,12,24.0,3,3,1,68,13,48,1,2767,52,36
215,0,2000,1200,1161,2014,57,1100,13,35000.0,23400,38.0,92.0,1,1,2,67,1,168,1,1,39,1,8,33,6,3,41.0,0,34,0,199,52,55,1,1487,39,0
216,0,2900,290,34,2617,60,258,0,109000000.0,3700000,88.0,100.0,1,1,1,23,1,168,0,1,16,1,19,15,1,20,11.0,0,3,0,440,90,62,0,504,7,22
217,0,3500,1100,4481,5241,77,713,2,104000000.0,6400000,56.0,79.0,1,1,2,32,1,156,2,1,16,1,2,24,0,6,30.0,2,3,1,1017,172,47,1,1386,40,13
218,0,28400,13100,96,16778,99,5500,28,92000000000.0,386000000,59.0,96.0,1,1,1,38,1,13,0,2,16,2,3,46,2,15,29.0,1,1,0,102,19,59,1,166,8,0
219,0,191,546,84,169,72,148,0,7500000.0,2000000,44.0,77.0,1,1,2,60,1,140,1,3,78,1,5,29,4,31,34.0,4,13,2,83,50,76,0,3759,80,24
220,2,114,30,67,117,74,57,11,1800000.0,508000,17.0,35.0,1,1,2,63,1,162,2,1,25,1,9,42,10,17,27.0,2,8,0,174,51,57,1,2051,60,27
221,2,274,17,200,230,69,74,2,2200000.0,1200000,37.0,60.0,1,1,2,59,1,119,1,1,21,1,6,29,5,0,0.0,0,25,1,266,13,62,1,974,45,19
222,2,31400000,25000000,69,15873,72,65000,4,15500000.0,790000,16.0,38.0,1,1,1,56,1,131,0,1,38,0,0,0,0,1,181.0,0,62,1,54,4,23,0,271,5,13
223,2,45000,2700,32,277,59,1700,10,6100.0,28100,58.0,95.0,1,1,2,21,0,231,1,1,31,0,0,0,0,0,0.0,0,0,0,16,31,28,0,572,26,0
224,2,111,10,8,93,73,45,1,5500000.0,691000,26.0,60.0,1,1,2,56,1,163,2,1,44,1,17,34,13,212,17.0,0,29,1,699,29,73,1,2786,51,21
225,2,606,865,20,833,63,513,9,4900000.0,436000,23.0,57.0,1,1,2,56,1,128,1,1,67,1,19,26,3,9,40.0,0,121,9,248,70,80,1,7325,41,9
226,2,97,220,30,89,81,101,3,93000000.0,29100000,30.0,74.0,1,1,2,55,1,519,2,2,20,1,0,0,0,0,0.0,0,4,1,72,19,54,1,297,5,27
227,2,41,36,10,27,84,33,9,20000000.0,8500000,23.0,77.0,1,1,2,128,1,1500,2,1,116,1,18,53,3,4,25.0,0,2,0,58,48,66,0,2620,16,16
228,2,3600000,2900000,24,6537,64,12700,2200,2300000.0,404000,55.0,94.0,1,1,2,49,1,92,1,10,69,0,1,17,0,1,31.0,0,0,0,90,15,27,0,6403,3,4
229,2,169,73,173,212,53,77,3,8200000.0,815000,28.0,52.0,1,1,2,42,1,123,1,1,16,1,7,37,6,6,22.0,0,1,0,131,47,55,1,1271,27,27
230,1,9,6,2,15,25,9,0,8000000.0,1400000,18.0,39.0,1,1,2,34,1,111,1,1,16,1,1,22,0,29,16.0,0,2,1,96,17,79,1,912,12,15
231,1,902,1300,19,374,46,315,18,41700.0,14000,69.0,94.0,1,1,2,51,1,118,1,2,29,2,16,20,3,12,31.0,3,33,3,56,19,51,1,4000,70,0
232,1,107,176,13,49,70,78,2,1000000.0,340000,27.0,83.0,1,1,1,42,1,131,1,1,25,1,17,16,5,30,30.0,9,17,2,301,35,63,1,2162,63,26
233,1,501,972,13,230,59,287,12,5100000.0,582000,91.0,99.0,1,1,2,59,1,137,1,1,60,1,13,47,7,19,44.0,7,7,1,232,13,81,1,3400,94,3
234,1,0,0,0,0,0,0,0,0.0,0,73.0,95.0,1,1,2,58,1,116,1,1,16,1,9,11,0,0,0.0,0,5,0,249,13,51,1,418,5,14
235,1,513,953,0,19,63,91,55,440000.0,123000,16.0,83.0,1,1,2,76,1,177,2,1,74,1,9,13,0,12,41.0,2,10,2,339,181,96,1,2768,63,3
236,1,164,181,21,62,61,75,11,148000.0,77400,43.0,74.0,1,1,1,75,1,177,1,1,48,1,14,21,4,0,0.0,0,6,1,69,28,87,1,1668,35,9
237,1,1300,1600,4,1758,79,847,53,8100000.0,2700000,52.0,71.0,1,1,2,86,1,298,2,1,79,1,13,21,0,6,36.0,0,8,1,36,486,77,1,370,5,25
238,1,2200,1200,10,1753,63,783,4,222000.0,56900,97.0,100.0,1,1,1,25,1,0,0,1,45,1,0,0,0,0,0.0,0,0,0,0,1,38,0,11,1,0
239,1,9,76,59,61,56,70,11,330000.0,65200,29.0,53.0,0,1,2,69,1,0,0,4,16,1,0,0,0,8,22.0,0,10,0,57,33,76,1,1500,18,6
240,0,66300,9400,46447,51512,97,7100,157,6700000000.0,328000000,92.0,100.0,1,1,2,20,1,0,0,1,8,1,15,19,0,33,20.0,5,4,0,1197,584,38,1,8799,313,0
241,0,571,299,180,551,60,343,0,19200000.0,2300000,49.0,89.0,1,1,2,64,1,163,4,1,64,1,9,20,5,4,14.0,0,8,4,370,7,44,1,1174,38,13
242,0,1800,1700,912,1923,70,1300,3,4000000.0,787000,29.0,59.0,1,1,2,45,1,150,2,1,8,1,13,25,5,18,19.0,2,10,3,338,83,65,2,1732,57,32
243,0,1200,462,206,918,87,642,4,39800000.0,5000000,48.0,92.0,1,1,2,26,1,183,2,1,17,1,8,22,8,1,35.0,1,1,0,333,59,49,2,2267,69,34
244,0,731,1700,263,637,78,435,14,16000000.0,5000000,49.0,57.0,1,1,2,41,1,154,2,1,8,1,1,14,0,13,34.0,13,11,4,156,28,67,1,2520,94,23
245,0,3100,420,2917,3174,62,533,6,74000000.0,11500000,80.0,53.0,1,1,2,52,1,115,1,1,52,1,4,25,4,3,4.0,0,6,0,117,30,49,1,784,22,23
246,0,2500,960,172,1901,80,1100,3,11600000.0,3100000,4.0,23.0,1,1,2,35,1,1448,4,1,35,1,7,27,0,15,20.0,2,4,0,180,24,58,1,3881,42,26
247,0,452,439,17,426,85,315,2,33100000.0,5800000,17.0,36.0,1,1,1,24,1,151,1,1,18,1,1,10,0,5,13.0,0,7,0,14,2,48,1,573,17,36
248,0,180,145,142,177,67,100,12,13400000.0,1800000,46.0,96.0,1,1,2,43,1,155,2,1,43,1,10,24,6,7,17.0,0,14,6,144,21,72,2,1956,73,13
249,0,13800,2400,154,1489,70,1200,636,2500000.0,1100000,51.0,97.0,1,1,2,52,2,148,1,1,9,1,10,20,10,44,25.0,7,18,3,218,37,28,1,3615,117,23
250,2,8600,3100,11,2882,38,1000,457,6.0,2200,37.0,48.0,0,1,1,6,0,0,0,0,0,0,22,43,1,0,0.0,0,2,0,158,80,20,0,480,31,0
251,2,39,10,0,24,99,25,5,92000000000.0,386000000,24.0,75.0,1,1,1,34,1,145,2,1,17,1,4,21,4,16,21.0,4,5,0,758,35,47,1,872,35,0
252,2,428,28,4,148,65,61,4,514000.0,165000,66.0,87.0,1,1,1,47,1,158,2,1,8,1,11,80,3,3,52.0,0,2,0,277,35,43,1,524,11,25
253,2,221,39,0,221,50,55,5,217000.0,71100,52.0,81.0,1,1,1,55,1,223,5,1,44,1,10,28,1,0,0.0,0,1,1,56,19,45,1,1473,49,0
254,2,18,11,5,13,44,21,5,24700000.0,2900000,33.0,89.0,1,1,1,40,1,59,1,1,20,1,10,35,3,6,16.0,1,39,0,120,48,56,1,653,20,33
255,2,149000,131000,52,161493,63,8500,7800,24000.0,21500,27.0,74.0,1,1,2,77,3,61,2,0,0,0,11,59,1,3,67.0,0,3,1,120,16,26,1,1230,7,11
256,2,31,31,0,47,71,43,9,1800000.0,31200,31.0,98.0,1,1,2,34,1,108,1,1,21,1,6,39,1,10,13.0,0,5,0,130,12,56,1,881,11,30
257,2,24,29,0,52,38,24,3,11000.0,3100,16.0,71.0,1,1,2,57,2,134,2,0,0,0,2,10,0,1,33.0,1,10,9,147,20,57,2,409,45,5
258,2,41,7,0,16,86,21,11,26900000.0,6400000,10.0,17.0,1,1,1,67,1,136,2,0,0,0,3,62,1,7,19.0,1,1,1,32,13,54,1,567,17,27
259,2,1700,8,4,1636,38,39,5,1700000.0,526000,20.0,50.0,1,1,1,23,1,159,1,1,8,1,17,38,6,5,97.0,1,13,1,197,19,46,1,529,17,30
260,1,459,14,0,405,27,113,44,54.0,115,19.0,43.0,1,1,1,21,1,0,0,1,0,0,6,54,2,5,10.0,0,8,2,60,4,31,1,333,9,4
261,1,10,8,0,3,80,14,0,3500000.0,845000,13.0,67.0,1,1,2,63,2,181,2,1,18,1,7,20,1,5,22.0,0,5,0,147,15,115,1,331,4,32
262,1,37,29,1,27,45,36,7,14700000.0,1500000,21.0,39.0,1,1,2,47,1,106,4,1,18,1,7,24,3,25,21.0,2,10,0,266,100,46,1,772,27,24
263,1,241,23,141,156,53,136,1,81500.0,34700,24.0,71.0,1,1,2,59,1,133,1,1,16,1,14,20,8,18,43.0,4,21,7,100,9,42,1,4162,77,11
264,1,653,3300,5,279,56,476,23,305000.0,81400,70.0,99.0,1,1,2,61,1,142,2,1,68,1,11,22,6,27,35.0,3,8,6,103,29,62,1,6812,62,10
265,1,284,49,0,161,81,105,21,15500000.0,6200000,24.0,41.0,0,1,2,85,1,0,0,1,42,1,6,33,1,5,19.0,0,5,1,98,23,27,0,332,10,37
266,1,136,134,29,119,60,85,10,2600000.0,671000,68.0,93.0,1,1,2,72,1,134,2,1,17,1,6,32,6,18,27.0,8,20,6,318,15,72,1,3940,106,11
267,1,49,30,0,46,72,20,0,15500000.0,790000,17.0,46.0,1,1,1,31,1,35,0,1,22,1,2,29,0,0,0.0,0,2,0,28,2,58,1,277,2,13
268,1,0,0,0,0,0,0,0,0.0,0,34.0,83.0,1,1,2,115,1,0,0,1,60,1,1,7,0,0,0.0,0,2,0,111,9,93,1,1215,37,0
269,1,1100,26,0,14,71,18,4,3200000.0,990000,20.0,79.0,1,1,2,24,1,244,2,1,24,1,8,23,4,12,16.0,0,46,1,245,8,81,1,1338,30,10
270,0,105000,7500,73673,78549,97,6600,50,6700000000.0,328000000,98.0,100.0,1,1,2,39,1,0,0,1,27,1,10,24,0,22,26.0,0,5,0,621,156,57,1,4652,33,0
271,0,2700,1100,832,1808,85,1600,2,33100000.0,5800000,34.0,56.0,1,1,2,42,1,93,1,2,33,2,5,26,2,4,38.0,0,2,0,62,3,59,1,1669,11,36
272,0,856,581,292,661,78,573,13,16000000.0,5000000,45.0,75.0,1,1,2,59,1,196,2,1,33,1,1,14,0,9,45.0,8,8,0,133,29,88,1,2800,50,23
273,0,2800,719,1366,2384,64,982,3,4000000.0,787000,27.0,65.0,1,1,2,70,1,162,1,1,33,1,10,26,2,8,85.0,3,15,2,320,82,89,1,1834,17,32
274,0,147,138,13,105,49,152,6,39200000.0,4000000,39.0,97.0,1,1,1,32,1,175,2,1,32,1,8,37,0,6,24.0,0,7,0,97,5,110,1,1170,2,16
275,0,870,1400,68,1149,81,551,5,49300000.0,2900000,30.0,60.0,1,1,2,57,1,1121,1,1,42,1,17,18,0,29,24.0,4,18,0,157,40,68,1,3411,24,10
276,0,4200,150,1,3719,80,204,23,11600000.0,3100000,8.0,20.0,1,1,2,40,1,833,1,1,40,1,5,32,0,9,72.0,0,4,0,172,52,64,1,2025,4,26
277,0,765,490,427,742,62,558,11,3900000.0,192000,90.0,100.0,1,1,2,65,1,0,0,1,36,1,8,30,3,11,25.0,2,19,7,149,40,63,1,1800,44,9
278,0,203,765,15,235,55,245,17,630000.0,65700,52.0,92.0,1,1,1,65,1,162,1,1,65,1,9,36,7,16,27.0,1,23,1,75,23,52,1,3947,37,9
279,0,137,29,28,104,44,98,6,74000000.0,11500000,89.0,74.0,1,1,2,60,1,134,1,1,33,1,4,39,3,1,13.0,0,7,0,116,30,72,1,1004,8,23
280,2,3,67,5,42,64,21,1,3900000.0,179000,70.0,89.0,1,1,2,47,1,215,1,1,27,1,1,41,1,2,39.0,1,0,0,22,3,82,1,235,2,6
281,2,541,32,0,489,77,80,0,105000000.0,4300000,48.0,75.0,1,1,2,68,1,114,0,1,60,1,15,22,0,27,112.0,4,12,0,347,7,67,1,2987,21,13
282,2,425,35,40,62,69,99,0,2200000.0,1200000,39.0,44.0,1,1,2,71,1,87,1,1,33,1,2,52,2,0,0.0,0,24,0,162,11,73,1,389,9,19
283,2,512,263,151,351,50,182,20,720000.0,332000,12.0,79.0,1,1,2,56,1,178,1,1,50,1,7,31,5,2,25.0,0,3,0,120,51,81,1,1559,19,27
284,2,0,51,0,0,70,12,1,796000.0,116000,50.0,71.0,1,1,2,66,1,151,0,1,86,1,9,36,3,23,56.0,0,36,1,162,37,122,1,1124,14,10
285,2,74,253,1,10,75,100,4,1700000.0,526000,30.0,72.0,0,1,1,57,0,141,1,1,34,0,14,29,1,5,23.0,0,10,0,94,21,79,0,1540,3,30
286,2,48,31,1,6,22,41,24,6500.0,6000,25.0,33.0,1,1,0,34,1,102,1,1,27,1,5,13,0,18,14.0,0,13,0,504,86,95,1,395,3,36
287,2,117,54,40,112,63,99,0,44700.0,53900,43.0,62.0,1,1,2,62,1,158,1,1,62,1,3,73,1,9,44.0,3,2,0,77,42,100,1,2764,20,10
288,2,6,5,0,6,34,6,2,5400.0,4210,56.0,71.0,1,1,2,57,1,132,1,1,57,1,0,0,0,0,0.0,0,2,0,47,5,82,1,699,2,14
289,2,2,0,1,1,80,1,1,4500.0,3000,72.0,89.0,1,1,1,46,1,0,0,1,27,1,2,13,0,1,29.0,0,0,0,30,17,72,1,901,2,35
290,1,15,33,1,3,68,22,2,51100.0,49300,52.0,74.0,1,1,2,63,1,134,1,1,79,1,9,48,3,13,39.0,0,12,1,66,8,57,1,1736,14,11
291,1,40,11,0,8,25,19,0,82100.0,39600,22.0,32.0,0,1,1,0,0,0,0,0,0,0,0,0,0,0,0.0,0,0,0,0,0,66,0,20849,32,22
292,1,1,0,0,0,63,1,4,3300.0,1690,89.0,95.0,1,1,1,71,1,0,0,0,0,0,1,55,1,0,0.0,0,2,0,28,7,44,0,278,4,2
293,1,2,27,0,1,51,13,6,36900.0,45000,25.0,50.0,1,1,2,53,1,115,0,1,42,1,14,40,0,0,0.0,0,15,1,120,12,79,1,833,4,2
294,1,6,22,0,6,56,14,5,78000.0,67800,47.0,92.0,1,1,2,59,1,161,1,1,59,1,5,35,3,1,43.0,0,11,0,133,13,70,1,2006,32,21
295,1,1100,204,834,954,75,140,15,5900000.0,1100000,62.0,81.0,1,1,2,57,1,115,0,1,57,1,7,42,4,14,32.0,2,19,5,97,27,55,1,2055,20,25
296,1,547,298,0,618,19,49,9,34000.0,25600,61.0,89.0,1,1,1,60,1,165,1,19,22,2,4,19,0,3,16.0,0,14,1,92,15,86,1,1579,23,25
297,1,6,1,1,6,82,6,1,4600000.0,1900000,55.0,75.0,1,1,2,34,1,0,0,1,27,1,4,15,0,8,58.0,2,8,1,113,18,48,1,255,5,0
298,1,2,12,0,2,73,6,0,12000.0,10700,30.0,72.0,1,1,2,34,1,132,1,1,36,1,2,38,1,0,0.0,0,30,0,47,12,56,1,267,5,27
299,1,5,2,3,4,77,6,6,745000.0,241000,35.0,68.0,1,1,2,51,1,139,1,1,42,1,7,38,3,0,0.0,0,36,0,106,16,73,1,1324,14,17
300,0,36600,3600,35069,36267,97,2500,35,6700000000.0,328000000,99.0,100.0,1,1,2,25,1,0,0,1,13,1,13,20,2,19,19.0,1,86,0,538,134,43,1,3766,82,0
301,0,945,338,376,908,73,432,11,20800000.0,2000000,35.0,60.0,1,1,2,104,1,193,0,6,30,2,19,43,0,1,23.0,0,27,0,59,74,71,1,2000,27,6
302,0,65,111,15,96,68,81,0,41100000.0,4000000,35.0,50.0,1,1,1,53,1,253,1,1,23,1,20,24,7,11,26.0,1,76,7,265,14,67,1,1507,34,11
303,0,3500,2000,262,4229,63,1100,2,5100000.0,197000,89.0,100.0,1,1,1,74,1,200,1,1,40,1,1,55,1,0,0.0,0,21,2,118,13,94,1,2357,5,11
304,0,173000,283,461,173848,85,362,5,33100000.0,5800000,31.0,51.0,1,1,1,28,1,115,1,0,0,0,2,14,0,7,18.0,1,3,0,5,4,45,1,1287,25,36
305,0,3500,259,31,3529,55,203,10,1400000.0,384000,56.0,93.0,1,1,2,99,1,182,2,1,49,1,2,27,0,15,32.0,9,12,2,36,24,95,1,1680,51,0
306,0,187,155,40,213,70,184,3,2500000.0,1100000,46.0,70.0,1,1,2,42,1,144,2,1,78,1,13,28,11,9,33.0,0,6,3,89,15,56,1,1910,59,23
307,0,143,125,30,136,63,130,7,4900000.0,434000,38.0,76.0,1,1,2,55,2,139,2,1,27,1,7,19,2,10,33.0,3,51,9,101,52,73,1,1881,37,9
308,0,31,105,48,111,33,70,4,31200.0,2700,50.0,95.0,1,1,1,13,1,64,1,2,23,1,7,19,1,6,22.0,1,0,0,3,15,44,1,1798,25,0
309,0,679,541,261,878,66,563,0,19400000.0,4500000,98.0,98.0,0,1,1,43,1,0,0,2,22,1,7,21,1,31,21.0,1,0,0,55,0,64,1,5898,27,37
310,2,52,2,2,46,52,40,0,1600000.0,160000,50.0,90.0,1,1,2,65,1,124,1,1,62,1,12,29,6,10,31.0,0,13,4,41,18,49,1,1233,52,26
311,2,479000,48500,1,12,72,3400,1700,2700000.0,2000000,70.0,98.0,1,1,2,162,1,1484,4,1,128,1,19,15,0,19,26.0,2,46,0,244,135,76,0,12545,43,12
312,2,20,11,0,12,15,22,6,39200000.0,4000000,32.0,52.0,1,1,1,17,1,180,2,1,17,1,4,31,0,6,12.0,0,5,0,131,5,52,1,472,7,16
313,2,26,45,0,63,45,20,8,70700.0,29700,80.0,82.0,1,1,2,66,1,131,1,1,57,1,4,40,3,5,65.0,3,17,7,52,11,43,1,2108,31,7
314,2,20,3,1,21,50,17,4,172000.0,53700,50.0,92.0,1,1,2,35,1,152,2,1,24,1,3,32,2,0,0.0,0,15,4,188,25,49,1,435,12,9
315,2,29,7,19,32,18,15,0,244000.0,49600,48.0,92.0,1,1,1,40,1,0,0,1,27,1,7,11,0,6,32.0,3,1,0,23,2,105,1,1704,23,16
316,2,5,3,0,4,40,8,3,156000.0,46300,56.0,76.0,1,1,1,33,1,346,2,2,33,1,0,0,0,12,29.0,7,5,3,19,5,56,1,2184,50,2
317,2,26,0,0,22,45,21,0,613000.0,135000,41.0,74.0,1,1,1,58,1,125,2,1,47,1,6,26,3,8,30.0,2,8,2,64,6,57,1,932,17,3
318,2,5,2,0,5,39,6,12,19000.0,11400,59.0,84.0,0,1,2,43,1,158,1,1,24,1,3,31,2,7,39.0,0,9,2,14,11,56,1,1181,17,2
319,2,51,24,0,13,71,36,0,729000.0,851000,37.0,66.0,0,1,1,56,1,1638,1,1,53,0,3,26,1,5,59.0,0,6,0,63,5,41,0,2023,25,20
320,1,3,0,0,1,78,2,3,420000.0,160000,29.0,65.0,0,1,1,112,1,1296,3,0,0,0,0,0,0,0,0.0,0,4,0,43,8,49,0,244,6,36
321,1,4,10,0,0,9,9,2,20600.0,3800,90.0,95.0,0,0,1,40,1,0,0,1,14,1,4,17,1,4,34.0,0,6,0,46,3,92,0,476,11,0
322,1,4,15,1,7,52,11,3,596000.0,247000,18.0,73.0,1,1,1,78,1,192,1,1,60,1,7,21,2,15,16.0,4,7,2,28,9,86,1,1246,39,3
323,1,37,13,0,17,67,17,7,1100000.0,271000,79.0,89.0,1,1,1,31,1,199,3,3,53,1,2,39,1,9,22.0,1,14,1,52,58,54,1,718,13,13
324,1,0,1,0,0,24,1,6,11600.0,11300,20.0,65.0,1,1,2,73,1,145,1,1,43,1,6,27,5,7,39.0,0,6,2,91,32,63,1,1482,25,0
325,1,35,81,0,38,50,38,3,57100.0,16800,22.0,55.0,1,1,1,46,1,101,1,5,32,1,7,64,3,7,56.0,6,61,0,107,43,53,1,2138,40,14
326,1,0,0,0,0,0,0,0,0.0,0,0.0,0.0,0,1,1,0,0,0,0,0,0,0,0,0,0,0,0.0,0,0,0,0,0,50,0,0,0,22
327,1,34,31,0,30,73,22,9,130000.0,570000,26.0,65.0,1,1,1,102,0,0,0,2,52,1,17,31,1,2,10.0,0,30,0,396,102,49,0,10515,2,0
328,1,0,2,0,0,26,2,3,15000.0,4400,69.0,82.0,1,1,2,24,1,330,1,1,13,1,1,15,1,1,26.0,0,2,1,30,7,31,1,90,3,9
329,1,25,138,0,56,63,71,11,440000.0,124000,45.0,88.0,1,1,2,60,1,178,1,1,47,1,9,13,0,14,29.0,1,12,1,317,58,88,1,1245,23,3
330,0,276,773,238,469,50,293,11,74000000.0,11500000,76.0,66.0,1,1,2,25,1,145,1,1,25,1,11,32,9,11,21.0,8,8,1,134,35,54,1,2300,75,23
331,0,204000,1800,202160,202880,85,1200,6,33100000.0,5800000,28.0,54.0,1,1,1,31,1,159,1,0,0,0,3,9,0,4,22.0,0,3,0,14,5,42,1,1860,43,36
332,0,60200,11800,7874,22400,97,5700,88,6700000000.0,329000000,97.0,100.0,1,1,2,37,1,13,0,1,25,1,16,16,0,25,18.0,1,30,6,1912,404,55,1,5898,139,0
333,0,19500,1200,6461,16807,84,1400,5,42800000.0,7000000,72.0,98.0,1,1,1,77,1,193,1,1,26,1,7,26,0,20,34.0,0,12,3,100,53,70,1,1528,9,37
334,0,201,69,93,165,78,147,12,16000000.0,5100000,54.0,80.0,1,1,2,50,1,242,1,1,50,1,1,14,0,8,37.0,7,5,1,137,16,71,1,1758,44,23
335,0,246,188,3,172,68,175,0,41100000.0,4000000,45.0,58.0,1,1,1,47,1,171,2,1,34,1,19,25,6,7,13.0,0,74,6,108,13,52,1,1798,51,11
336,0,138,17,110,134,20,38,1,109000000.0,3700000,40.0,83.0,1,1,1,15,1,168,0,1,20,1,22,15,2,20,11.0,0,5,1,322,89,51,1,388,12,22
337,0,518,541,241,488,45,234,9,22900.0,12800,66.0,76.0,1,1,1,66,1,69,1,1,55,1,12,24,4,7,23.0,0,6,0,115,9,40,1,4278,51,3
338,0,22400,6400,18145,19555,97,2500,33,6700000000.0,329000000,97.0,100.0,1,1,2,26,1,13,0,1,14,1,12,18,0,10,12.0,0,6,0,426,101,44,1,2922,86,0
339,0,66,45,7,32,96,61,2,2900000000.0,152000000,35.0,57.0,1,1,2,47,1,118,3,1,25,1,12,33,7,53,21.0,4,7,0,1281,46,46,1,1916,47,28
340,2,101,130,3,81,73,113,0,20800000.0,2000000,23.0,55.0,1,1,2,99,1,195,1,7,26,2,19,36,0,1,23.0,0,19,0,56,55,99,1,5073,17,6
341,2,31,871,2,270,49,80,0,226000.0,69900,37.0,82.0,1,1,2,54,1,136,1,1,54,1,11,34,5,37,38.0,20,111,4,156,16,70,1,3662,108,7
342,2,71,7,6,46,76,44,0,571000.0,478000,17.0,40.0,1,1,2,28,1,13,0,1,26,1,1,29,0,0,0.0,0,6,0,115,27,41,1,148,9,0
343,2,120,83,62,124,72,62,0,7500000.0,2000000,67.0,94.0,1,1,2,40,1,125,1,1,78,1,5,29,4,25,32.0,5,12,2,94,50,90,1,2893,113,24
344,2,1,0,0,0,0,1,0,92000000000.0,386000000,77.0,98.0,1,1,2,36,1,67,1,1,14,1,5,15,0,0,0.0,0,38,0,24,16,76,0,500,10,0
345,2,162,100,51,110,57,126,0,26300000.0,6800000,100.0,100.0,0,1,1,25,1,13,0,0,0,0,0,0,0,0,0.0,0,8,1,10,0,99,1,679,8,37
346,2,2500,802,121,2508,83,701,10,266000000.0,2100000,22.0,32.0,1,1,2,58,1,13,0,1,19,1,7,24,2,21,19.0,0,6,1,371,27,55,1,7046,17,25
347,2,4,1,1,4,53,5,0,120000.0,74900,78.0,99.0,1,1,2,25,1,150,2,1,25,1,16,26,3,8,32.0,0,0,0,242,6,72,1,1591,33,9
348,2,53,134,11,55,67,68,6,5800000.0,546000,46.0,60.0,1,1,2,95,1,168,2,1,26,1,9,27,3,20,33.0,1,20,1,148,17,57,1,1824,41,0
349,2,55,19,27,40,83,39,1,96200000.0,17400000,21.0,60.0,1,1,2,53,1,266,1,1,14,1,7,20,2,0,0.0,0,15,0,113,24,59,0,311,14,23
350,1,34,191,0,24,63,41,18,440000.0,124000,35.0,97.0,0,1,2,74,1,179,1,1,61,1,9,13,0,37,33.0,3,45,6,356,53,113,1,3383,50,3
351,1,2400,1800,0,2,80,508,172,15800000.0,9400000,81.0,99.0,1,1,2,112,1,1779,3,1,68,1,16,16,0,17,32.0,2,7,0,145,231,73,0,5106,37,23
352,1,0,11,0,0,81,9,10,78500000.0,31300000,67.0,67.0,1,1,1,78,1,214,1,1,45,1,1,149,2,0,0.0,0,22,15,33,0,61,1,18,6,19
353,1,95,743,0,104,51,125,9,658000.0,79800,36.0,72.0,1,1,2,91,1,13,0,1,78,1,13,37,1,11,30.0,1,32,3,71,25,73,1,3420,26,0
354,1,114,100,12,76,62,84,0,6400.0,447000,60.0,100.0,1,1,2,80,1,144,4,1,68,1,9,33,5,7,21.0,0,6,4,140,5,60,1,1734,50,0
355,1,39,18,0,4,44,29,0,2800000.0,1920000,90.0,95.0,1,1,2,43,1,13,0,1,23,1,9,16,0,10,13.0,0,13,1,82,92,58,1,676,10,19
356,1,415000,1400000,23,750,64,14300,188,130000.0,71800,86.0,97.0,1,1,1,35,0,19,0,1,27,0,8,25,0,0,0.0,0,0,0,4,5,17,0,420,0,0
357,1,0,2,0,1,80,2,0,600000.0,2500000,23.0,34.0,0,1,1,13,0,13,0,0,0,0,0,0,0,0,0.0,0,0,0,0,0,70,0,5702,80,28
358,1,5,5,0,4,13,8,10,110000.0,311000,15.0,36.0,1,1,2,55,1,185,1,1,55,1,8,39,3,1,44.0,0,14,0,122,25,65,1,828,24,33
359,1,40,81,0,61,55,77,0,173000.0,85000,43.0,72.0,1,1,2,49,1,141,2,1,49,1,4,36,3,9,34.0,5,28,7,183,18,59,1,1674,67,13
360,0,70,77,57,71,91,70,13,16100000.0,4900000,65.0,91.0,1,1,2,28,1,252,1,1,19,1,1,14,0,9,32.0,2,9,0,130,30,76,1,1508,42,23
361,0,15100,416,14908,15063,86,553,2,33500000.0,5500000,36.0,50.0,1,1,1,34,1,108,1,0,0,0,2,14,0,3,19.0,0,3,0,14,1,51,1,1495,35,36
362,0,12500,2300,6416,6796,100,2600,14,7700000000.0,320000000,88.0,100.0,1,1,2,31,1,0,0,1,19,1,12,23,1,8,34.0,0,73,0,507,59,49,1,2805,25,0
363,0,115,73,12,21,86,104,0,46100000.0,4000000,40.0,50.0,1,1,1,40,1,282,1,1,27,1,18,24,5,5,12.0,0,70,2,249,13,54,1,684,19,11
364,0,159,104,5,149,85,135,3,98500000.0,6400000,66.0,55.0,1,1,2,52,1,211,0,1,36,0,1,16,0,2,34.0,0,21,0,794,150,63,1,1037,31,13
365,0,66,51,4,68,77,69,0,17400000.0,1900000,80.0,99.0,1,1,2,58,1,158,1,1,56,1,11,35,5,13,27.0,4,19,3,198,11,100,1,1400,30,13
366,0,41,32,29,57,97,47,0,113000000.0,24600000,77.0,100.0,1,1,1,56,1,0,0,1,19,1,11,33,2,10,31.0,5,7,0,104,19,73,1,3759,47,26
367,0,56,46,6,6,78,42,0,23700000.0,2200000,60.0,94.0,1,1,2,62,1,139,2,1,62,1,11,33,4,3,14.0,0,5,2,363,10,55,1,1333,22,14
368,0,45,49,2,34,40,48,0,37000.0,12000,35.0,75.0,1,1,2,54,1,130,1,1,54,0,14,24,5,4,47.0,4,6,1,95,10,67,1,2497,23,0
369,0,18,38,5,13,76,34,5,19300000.0,2700000,59.0,86.0,1,1,1,39,1,99,1,1,19,1,2,63,0,9,21.0,2,36,0,145,48,60,1,452,13,33
370,2,420,4,1,1,44,100,8,211000.0,47900,9.0,90.0,1,1,2,69,1,154,1,1,27,1,4,37,0,10,25.0,0,24,0,409,37,59,1,388,0,18
371,2,1300,48,58,58,100,85,0,732000000.0,22800000,73.0,96.0,1,1,1,44,1,142,0,1,19,1,4,28,0,21,32.0,0,5,0,445,3,45,1,824,2,15
372,2,67,39,11,22,52,51,24,640000.0,232000,13.0,69.0,1,1,2,69,0,154,0,1,79,1,7,31,2,12,35.0,0,25,1,110,31,119,1,2690,17,15
373,2,23,16,10,10,55,17,5,40300000.0,4300000,45.0,94.0,1,1,1,19,1,322,3,1,19,1,5,30,0,15,19.0,0,10,0,90,6,106,1,3279,4,16
374,2,23,27,0,23,26,28,5,198000.0,47300,100.0,100.0,1,1,1,53,0,343,1,1,76,0,4,15,0,10,20.0,3,10,2,23,6,89,0,1864,31,2
375,2,87,35,0,0,65,73,5,3200000.0,1100000,67.0,89.0,1,1,2,62,0,120,0,1,61,0,7,38,0,18,33.0,0,44,0,70,19,75,0,2877,4,23
376,2,35,13,0,12,56,21,0,22000000.0,3600000,89.0,98.0,1,1,1,80,1,0,0,7,41,1,4,17,0,2,16.0,0,9,0,57,19,32,0,272,4,24
377,2,0,6,0,4,52,3,0,924000.0,274000,55.0,70.0,1,1,1,62,0,119,0,1,35,0,6,47,4,0,0.0,0,8,0,100,20,68,0,1693,38,17
378,2,3,3,0,6,65,5,1,15400000.0,1100000,94.0,100.0,1,1,2,98,1,72,0,1,67,0,5,17,2,6,16.0,0,29,0,39,2,69,0,1506,11,11
379,2,0,0,0,0,0,0,0,0.0,0,0.0,0.0,0,1,2,1,5,0,0,1,5,0,9,23,0,1,26.0,0,6,0,41,12,84,0,0,0,25
380,1,8,28,0,0,47,17,1,29400.0,15400,46.0,77.0,1,1,2,48,0,126,0,1,48,0,3,53,0,11,18.0,0,17,0,152,11,68,0,1221,19,0
381,1,0,19,0,13,52,6,1,413000.0,236000,19.0,79.0,1,1,1,77,1,172,1,1,59,1,5,46,3,23,21.0,5,7,2,29,5,93,1,1303,47,3
382,1,0,0,0,0,0,0,0,0.0,0,44.0,74.0,1,1,2,28,1,74,1,1,28,1,2,21,0,20,26.0,0,21,0,134,7,58,1,973,21,3
383,1,8,16,0,0,66,11,5,1700000.0,393000,43.0,91.0,1,1,2,57,0,252,2,2,18,0,7,29,5,0,0.0,0,15,0,99,26,98,0,1359,23,20
384,1,62,20,0,17,47,41,8,102000.0,22000,35.0,59.0,1,1,1,45,1,238,1,1,45,1,6,38,5,0,0.0,0,20,2,69,13,65,1,1384,25,0
385,1,4,41,1,10,58,18,3,280000.0,75900,53.0,58.0,1,1,2,94,1,0,0,2,32,0,3,32,3,0,0.0,0,4,2,27,4,81,1,562,16,0
386,1,824,41,7,13,78,167,7,4600000.0,1500000,36.0,74.0,1,1,1,42,0,140,0,1,42,0,2,34,0,19,33.0,4,3,0,239,55,85,0,924,18,29
387,1,0,2,0,0,47,2,2,52300.0,14700,31.0,91.0,1,1,1,63,0,136,0,1,35,0,9,28,0,0,0.0,0,34,0,141,44,68,0,1037,0,19
388,1,0,1,0,0,0,1,9,501000.0,58500,85.0,91.0,1,1,1,54,1,105,0,1,44,0,6,28,2,6,25.0,0,0,0,26,26,57,0,1470,15,0
389,1,10,16,0,0,63,17,1,10600000.0,1900000,34.0,64.0,1,1,2,44,0,0,0,1,44,0,4,38,0,8,37.0,5,0,0,16,8,67,0,2085,56,6
390,0,2600,962,1313,2515,77,1400,0,26700000.0,1100000,52.0,95.0,1,1,2,38,1,102,1,1,17,1,22,26,10,42,20.0,1,25,0,233,41,59,1,4220,66,21
391,0,6300,3600,3224,5219,99,2200,9,73300000.0,11300000,88.0,64.0,1,1,2,66,1,173,1,1,66,1,13,33,9,11,15.0,0,8,1,246,42,58,1,2256,42,23
392,0,2100,674,923,1777,52,1200,10,732000.0,59700,26.0,41.0,1,1,1,65,1,162,1,1,55,1,12,42,9,12,34.0,2,11,0,52,47,42,1,2972,67,20
393,0,22800,3900,2836,6883,89,3300,22,58300000.0,5000000,42.0,61.0,1,1,2,46,1,143,2,1,46,1,20,28,8,67,41.0,12,35,12,151,89,60,1,7707,102,18
394,0,10300,1500,3759,7873,71,1800,28,6200000.0,967000,80.0,99.0,1,1,2,26,1,129,1,1,26,1,16,28,10,5,16.0,0,18,0,103,42,48,1,2357,37,25
395,0,3800000,142000,3712550,3715632,100,7800,67,6700000000.0,324000000,87.0,100.0,1,1,2,29,1,0,0,1,17,1,15,20,2,12,26.0,0,5,0,658,268,47,1,6522,98,0
396,0,3800,3200,123,1807,57,1200,11,549000.0,195000,39.0,44.0,1,1,2,69,1,140,1,1,56,1,2,69,1,14,59.0,3,34,6,184,13,128,2,2905,86,18
397,0,6400,1300,206,4515,69,849,21,8100000.0,592000,56.0,93.0,1,1,1,49,1,155,2,1,42,1,11,23,2,3,37.0,0,14,2,106,24,74,1,3310,21,22
398,0,1200,744,251,933,59,706,7,4600000.0,261000,52.0,69.0,1,1,2,69,1,170,1,1,32,0,19,20,2,32,17.0,1,7,0,70,12,66,1,2909,35,11
399,0,28500,14200,273,528,77,6300,9,93600000.0,2100000,41.0,83.0,1,1,2,66,1,164,2,1,17,1,5,26,4,12,15.0,0,20,0,373,37,50,0,706,19,13
400,2,133000,45200,359,19448,45,9900,1800,221000.0,76000,98.0,100.0,1,1,2,59,1,132,1,1,39,1,5,33,2,13,26.0,2,4,0,154,15,25,0,1164,17,15
401,2,217,44,1,36,44,138,19,185000.0,43000,76.0,72.0,1,1,1,56,1,119,1,1,56,1,11,19,0,0,0.0,0,6,0,29,21,57,1,1468,6,24
402,2,477,210,38,260,67,276,6,8700000.0,583000,82.0,99.0,1,1,2,60,1,192,2,1,33,1,6,27,1,17,26.0,5,101,2,188,209,96,1,2596,113,4
403,2,2,0,0,2,7,2,0,0.0,53,40.0,77.0,1,1,1,64,1,75,1,1,65,1,3,15,0,0,0.0,0,4,1,50,12,97,1,768,14,0
404,2,257,250,1,256,70,101,1,6100000.0,896000,59.0,98.0,1,1,2,63,1,131,0,1,71,1,11,70,1,1,56.0,1,5,1,15,18,93,1,1407,7,19
405,2,2,1,0,2,42,3,7,835000.0,56700,60.0,92.0,1,1,2,58,1,262,2,1,33,1,6,39,5,3,25.0,1,8,0,545,93,86,1,480,16,7
406,2,1500,452,47,898,51,350,9,308000.0,107000,57.0,80.0,1,1,2,54,1,83,1,1,30,1,3,31,2,25,20.0,3,43,0,308,13,42,1,939,18,16
407,2,44,187,9,68,33,76,2,20100.0,31900,58.0,91.0,1,1,2,60,1,156,1,1,43,1,14,31,6,3,25.0,1,10,4,205,3,44,1,3316,62,5
408,2,5,3,0,4,37,7,0,36200000.0,1600000,48.0,83.0,1,1,1,17,1,144,1,1,26,1,24,21,2,5,52.0,4,14,1,245,33,57,1,3330,35,19
409,2,232,237,1,153,42,211,21,467000.0,77600,0.0,0.0,1,1,2,48,1,109,1,1,73,1,5,73,4,23,23.0,1,31,15,212,22,52,1,4276,57,0
410,1,42,442,1,43,85,84,14,122000000.0,14500000,29.0,54.0,1,1,2,51,1,152,1,1,24,1,1,25,0,7,17.0,0,143,17,312,26,61,1,50,9,0
411,1,0,0,0,0,0,0,0,6100.0,3900,49.0,95.0,1,1,2,82,2,171,1,1,35,1,6,36,3,11,21.0,1,26,0,222,20,72,1,849,29,13
412,1,135,156,34,120,67,152,6,2000000.0,367000,35.0,85.0,1,1,1,88,1,96,1,1,65,1,8,32,5,7,19.0,0,8,1,406,21,74,1,1503,28,26
413,1,17,5,0,15,38,10,9,4400.0,6000,33.0,88.0,1,1,1,53,1,213,1,1,49,1,1,21,0,4,21.0,0,6,1,29,15,80,1,810,8,23
414,1,162,410,1,171,43,167,6,38100.0,27000,42.0,84.0,1,1,1,68,1,96,1,1,60,1,2,38,2,8,49.0,1,4,4,90,20,101,1,1803,21,15
415,1,9700,7100,265,1224,46,2200,0,8800.0,13200,37.0,71.0,1,1,2,72,1,135,1,1,47,1,4,24,0,1,21.0,0,24,0,102,15,39,0,1067,15,0
416,1,660,1100,8,68,60,299,33,76500.0,52700,61.0,98.0,1,1,2,62,1,130,1,1,45,0,24,32,0,6,27.0,0,19,0,109,38,70,0,5515,12,8
417,1,175,58,1,192,80,180,7,23700000.0,1800000,22.0,71.0,1,1,2,35,1,257,2,1,21,1,9,16,0,1,59.0,1,6,0,193,18,46,1,500,9,31
418,1,53,68,37,102,59,30,13,321000.0,116000,71.0,88.0,1,1,2,57,1,127,2,1,36,1,15,39,4,7,26.0,2,7,0,99,23,54,1,2091,51,11
419,1,114,174,11,92,46,67,0,86100.0,11200,38.0,60.0,1,0,1,73,1,560,5,1,58,1,5,17,0,5,9.0,0,18,1,136,17,121,1,867,9,0
420,0,117000,5100,20589,117532,97,3800,24,6700000000.0,330000000,99.0,100.0,1,1,2,29,1,13,0,1,17,1,12,18,0,31,22.0,1,123,0,1018,111,47,1,8472,86,0
421,0,2700,1500,700,2573,63,1100,2,5100000.0,195000,93.0,100.0,1,1,1,72,1,200,1,1,38,1,1,53,1,0,0.0,0,19,1,84,9,92,1,916,4,11
422,0,214,124,155,186,85,142,1,33100000.0,5800000,23.0,50.0,1,1,1,29,1,137,1,0,0,0,2,14,0,4,32.0,0,3,0,16,1,44,1,1150,37,36
423,0,143,116,14,115,52,121,0,669000.0,145000,43.0,93.0,1,1,2,49,1,153,1,1,26,1,0,0,0,2,42.0,1,5,0,74,7,111,1,783,9,21
424,0,414,498,106,388,62,361,12,3900000.0,194000,70.0,97.0,1,1,2,67,1,13,0,1,38,1,10,33,6,11,28.0,4,22,3,354,34,74,1,2425,96,9
425,0,147,361,49,434,33,75,0,31200.0,2700,52.0,95.0,1,1,1,17,1,76,1,7,27,1,2,17,0,2,27.0,0,0,0,3,14,48,1,3318,19,0
426,0,197,642,10,148,77,225,2,104000000.0,6400000,51.0,93.0,1,1,2,38,1,211,0,1,22,1,2,24,0,2,34.0,0,5,0,607,146,51,1,505,28,13
427,0,39200,1300,1079,39253,67,616,7,8000000.0,709000,81.0,97.0,1,1,2,41,1,225,2,1,27,1,11,33,6,14,24.0,2,15,2,185,32,51,1,6788,86,10
428,0,936,411,15,362,63,381,8,12300000.0,940000,57.0,97.0,1,1,2,58,1,141,1,1,58,1,10,33,3,11,34.0,2,13,2,246,41,60,1,1581,36,14
429,0,113,79,9,105,68,100,0,41100000.0,4000000,46.0,60.0,1,1,1,50,1,250,1,1,37,1,18,21,3,7,13.0,0,74,5,242,15,64,1,1235,33,11
430,2,377,179,7,16,80,333,5,13400000.0,2900000,5.0,34.0,1,1,2,34,0,63,0,1,34,0,5,32,0,5,51.0,0,7,0,170,27,58,0,2069,0,26
431,2,17,30,1,10,18,30,8,1100000.0,360000,81.0,96.0,1,1,2,160,1,0,0,1,70,1,3,21,0,6,26.0,0,3,0,316,12,105,1,1568,20,53
432,2,44,98,5,35,62,74,2,5700000.0,770000,83.0,93.0,1,1,2,35,1,199,1,1,35,1,6,40,2,5,27.0,1,23,3,147,4,77,1,2437,32,19
433,2,10,1,0,9,94,10,2,1200000000.0,36800000,58.0,96.0,1,1,2,81,1,133,2,1,27,1,9,19,2,5,41.0,0,0,0,134,32,94,1,1395,23,32
434,2,0,1,0,1,57,1,1,136000.0,43100,35.0,97.0,1,1,2,51,1,143,2,1,17,1,53,15,6,10,35.0,7,37,0,446,7,38,1,723,37,0
435,2,134,262,6,132,94,148,0,269000000.0,51700000,74.0,72.0,1,1,1,32,1,13,0,1,26,1,11,15,2,22,14.0,0,9,0,109,49,53,0,4398,19,0
436,2,9,35,3,19,30,22,0,259000.0,56800,98.0,99.0,0,1,1,33,1,13,0,0,0,0,0,0,0,0,0.0,0,0,0,25,27,50,0,1058,6,17
437,2,466,54,257,408,59,187,11,6400000.0,581000,77.0,99.0,1,1,2,37,1,139,1,1,55,1,13,36,8,42,28.0,9,8,0,271,15,75,1,5408,101,4
438,2,26400000,517000,0,36,85,40300,27,47000000.0,13700000,79.0,95.0,1,1,2,32,1,13,0,1,17,1,11,16,0,17,24.0,2,3,0,52,18,56,0,668,9,26
439,2,5,19,0,5,99,11,0,102000000000.0,385000000,31.0,63.0,1,1,2,40,1,13,0,1,17,1,0,0,0,0,0.0,0,0,0,135,11,87,1,153,21,0
440,1,24,5,0,5,60,7,1,46400.0,30300,49.0,78.0,1,1,2,26,1,13,0,1,18,1,3,27,0,11,3.0,0,16,0,150,49,78,1,4134,15,33
441,1,0,0,0,0,0,0,0,0.0,0,0.0,0.0,1,1,1,37,1,145,1,1,22,1,9,25,1,9,19.0,0,3,1,570,15,62,1,1776,13,17
442,1,0,5,0,0,67,5,3,3400000.0,2700000,67.0,94.0,1,1,2,68,1,13,0,1,28,0,7,21,1,4,8.0,0,27,0,5,3,113,1,3362,18,10
443,1,0,10,0,1,61,7,9,53900000.0,7400000,51.0,93.0,1,1,2,51,1,233,2,1,25,1,2,21,1,3,32.0,3,9,1,290,12,70,1,604,19,19
444,1,23,35,3,20,52,40,3,434000.0,246000,15.0,68.0,1,1,1,80,1,165,1,1,62,1,9,28,6,5,23.0,3,8,2,31,7,95,1,1711,52,3
445,1,4,11,0,6,58,12,3,1300000.0,205000,26.0,69.0,1,1,2,69,2,151,1,1,69,2,3,35,1,3,51.0,0,13,6,97,18,72,1,1387,24,28
446,1,0,4,0,2,49,3,0,33200.0,113000,68.0,80.0,1,1,1,42,1,13,0,1,31,1,4,13,0,0,0.0,0,2,0,47,5,66,1,202,2,0
447,1,3,17,0,3,81,14,14,94500000.0,2000000,11.0,52.0,1,1,1,70,0,113,0,1,19,0,9,27,1,0,0.0,0,8,1,540,173,89,1,2053,19,29
448,1,18,106,0,26,55,44,7,884000.0,97700,39.0,76.0,1,0,2,48,1,13,0,1,30,0,17,16,1,6,21.0,0,17,1,138,66,95,1,3274,15,12
449,1,1,4,0,0,74,5,0,7900000.0,818000,36.0,67.0,1,1,1,79,1,0,0,1,17,1,16,14,0,18,18.0,0,2,0,126,23,93,1,110,2,11
450,0,20700,5000,16696,18168,97,3300,49,6700000000.0,329000000,86.0,98.0,1,1,2,31,1,0,0,1,19,1,20,19,0,39,27.0,1,351,0,1281,138,49,1,14717,130,0
451,0,480,96,55,317,85,290,3,33100000.0,5800000,25.0,48.0,1,1,1,34,1,133,1,0,0,0,3,22,1,6,17.0,0,5,0,19,1,46,1,1760,33,36
452,0,541,549,264,700,73,415,5,20800000.0,2000000,31.0,57.0,1,1,2,90,1,185,2,1,39,1,17,40,0,1,23.0,0,27,0,54,75,81,1,1280,15,6
453,0,4500,6000,5357,8128,64,1400,6,5100000.0,195000,91.0,96.0,1,1,1,74,1,200,1,1,40,1,1,55,1,0,0.0,0,34,6,118,19,94,1,2384,11,11
454,0,254,282,133,167,86,187,0,117000000.0,25600000,55.0,96.0,1,1,1,56,1,0,0,1,19,1,15,34,0,10,24.0,9,11,0,128,19,73,1,3311,72,25
455,0,3900,71,2460,3342,86,294,0,117000000.0,25600000,66.0,92.0,1,1,1,65,1,0,0,1,28,1,13,35,1,10,34.0,8,7,0,85,19,88,1,3415,55,25
456,0,81,14,8,62,52,69,0,669000.0,145000,42.0,87.0,1,1,2,51,1,122,1,1,28,1,0,0,0,3,53.0,2,5,0,72,7,113,1,666,15,0
457,0,113,63,30,59,78,101,10,16000000.0,5100000,53.0,71.0,1,1,2,70,1,146,1,1,19,1,1,14,0,10,40.0,9,8,0,129,26,81,1,2061,49,23
458,0,177,8,113,159,19,98,1,109000000.0,3700000,74.0,100.0,1,1,1,45,1,168,0,1,38,1,22,16,1,26,10.0,0,3,0,444,91,66,1,845,9,22
459,0,58,0,2,22,96,35,1,2900000000.0,152000000,28.0,55.0,0,1,2,56,2,120,3,1,28,1,12,40,7,63,19.0,5,4,0,1274,46,51,1,2031,54,28
460,2,46,0,0,24,94,30,3,1100000000.0,37000000,58.0,92.0,1,1,2,93,1,117,1,1,39,1,8,13,0,2,21.0,1,0,0,117,33,106,1,881,9,31
461,2,0,0,0,0,0,0,0,0.0,0,76.0,100.0,1,1,1,43,1,0,0,1,75,1,5,14,0,0,0.0,0,3,1,133,22,63,1,288,11,33
462,2,0,2,0,2,14,1,3,2100000.0,1400000,52.0,77.0,1,1,1,75,1,1457,2,0,0,0,0,0,0,0,0.0,0,7,0,232,16,65,0,5993,51,14
463,2,4,1,0,5,15,4,0,2400000.0,672000,0.0,0.0,0,1,1,0,0,0,0,0,0,0,0,0,0,0,0.0,0,0,0,0,0,53,0,2741,9,35
464,2,984000,64100,0,0,66,2300,41,140000.0,141000,22.0,86.0,1,1,1,113,1,200,0,1,95,1,5,13,0,3,11.0,0,8,0,203,57,62,0,3754,40,25
465,2,4,3,0,2,50,7,6,109000.0,63900,60.0,97.0,1,1,1,38,1,373,2,1,19,1,9,18,1,1,19.0,1,2,0,263,9,97,1,794,11,21
466,2,9,11,0,8,14,14,1,3200000.0,667000,49.0,85.0,1,1,1,75,1,0,0,3,27,1,2,54,0,2,14.0,0,3,0,268,8,128,2,2136,10,0
467,2,124,23,88,117,76,70,4,9400000.0,3500000,23.0,78.0,1,1,1,49,1,137,1,1,49,1,8,35,7,4,22.0,3,11,1,91,52,40,1,2517,80,27
468,2,6,3,1,6,18,8,8,1000000.0,371000,78.0,96.0,1,1,2,159,1,0,0,1,69,1,2,21,0,6,29.0,0,7,0,315,12,115,1,1822,20,52
469,2,1,1,0,1,50,2,3,172000.0,53700,42.0,97.0,1,1,2,39,1,135,1,1,28,1,2,7,0,0,0.0,0,27,5,190,24,53,1,446,11,9
470,1,45,52,24,67,89,60,0,200000000.0,29900000,45.0,49.0,1,1,2,128,1,199,1,6,29,4,21,36,0,0,0.0,0,27,0,122,8,86,1,846,13,24
471,1,44,64,23,55,50,73,5,57100.0,16700,30.0,76.0,1,1,1,62,1,126,1,5,35,1,7,56,3,10,48.0,7,61,0,105,46,65,1,3395,66,14
472,1,1,0,0,0,0,1,0,1200000000.0,115000000,95.0,94.0,0,1,1,33,1,276,1,1,33,1,9,26,6,5,40.0,1,13,0,37,15,79,1,711,31,20
473,1,0,9,0,1,73,6,9,8800000.0,3000000,51.0,80.0,1,1,1,61,1,0,0,0,0,0,10,31,0,0,0.0,0,11,4,170,38,125,1,6785,36,0
474,1,0,0,0,0,0,0,0,0.0,0,20.0,70.0,1,1,1,96,1,59,1,1,54,1,11,30,3,13,17.0,0,11,0,66,16,82,1,626,11,24
475,1,4,2,0,4,30,4,0,52100000.0,11900000,0.0,0.0,0,1,1,0,0,0,0,0,0,0,0,0,0,0,0.0,0,0,0,0,0,88,1,1313,13,37
476,1,2,0,0,2,80,1,0,6000000.0,5000000,14.0,64.0,1,1,2,119,1,160,1,1,65,1,2,11,0,5,9.0,0,21,0,181,53,62,0,92,3,15
477,1,0,5,0,0,51,3,1,29700.0,66800,0.0,0.0,1,1,1,112,1,0,0,1,79,1,14,18,2,3,13.0,0,13,0,232,53,76,0,4083,26,9
478,1,3,1,0,0,51,4,8,64700.0,38100,74.0,98.0,1,1,1,81,0,0,0,8,24,1,9,30,1,13,74.0,0,9,1,105,32,63,1,8572,37,10
479,1,7,0,0,7,11,7,12,3800000.0,4200000,17.0,52.0,1,1,2,55,1,201,1,1,31,1,13,14,0,4,7.0,0,15,0,69,19,182,1,3805,55,6
480,0,278,407,380,528,85,226,4,98500000.0,6600000,51.0,95.0,1,1,2,29,1,211,0,1,13,1,10,13,1,9,40.0,3,25,1,868,142,44,1,1271,51,14
481,0,18300,6200,10050,14097,100,3600,51,7700000000.0,324000000,87.0,100.0,1,1,2,25,1,0,0,1,13,1,10,25,2,5,28.0,1,28,1,265,68,43,1,3088,83,0
482,0,20700,546,636,20030,63,772,5,3800000.0,199000,58.0,81.0,1,1,1,55,1,200,1,1,21,1,8,31,0,2,33.0,0,8,0,92,8,49,0,3760,29,11
483,0,374,843,72,844,80,640,2,13400000.0,2900000,12.0,37.0,1,1,2,34,1,184,0,1,34,1,6,23,0,8,31.0,0,14,7,170,21,58,1,3793,24,26
484,0,459,290,194,445,71,297,0,21700000.0,1900000,31.0,63.0,1,1,2,77,1,200,1,1,34,1,20,39,1,10,76.0,1,19,0,53,51,78,1,1330,15,6
485,0,273,422,21,520,56,176,1,1200000.0,248000,74.0,97.0,1,1,1,46,1,97,2,1,34,1,4,19,0,20,25.0,7,21,0,93,18,72,1,3244,65,0
486,0,106,140,35,156,74,139,8,5600000.0,670000,33.0,68.0,1,1,1,44,1,157,1,1,31,1,9,27,6,4,9.0,0,19,7,60,39,46,1,1435,42,14
487,0,80,55,10,88,86,90,2,39900000.0,5700000,11.0,28.0,1,1,1,29,1,93,1,0,0,0,7,26,4,0,0.0,0,3,0,14,2,41,1,1840,37,37
488,0,18,15,2,19,80,23,11,10700000.0,2100000,84.0,98.0,1,1,2,54,1,148,1,1,13,1,1,24,1,6,22.0,3,8,1,183,14,75,1,905,40,7
489,0,11800,2200,5610,8876,100,2200,37,6700000000.0,323000000,89.0,100.0,1,1,2,34,1,0,0,1,22,1,10,17,1,10,25.0,0,70,0,554,132,52,1,4847,73,0
490,2,9,1,0,9,48,8,6,241000.0,51300,58.0,73.0,1,1,2,58,1,154,2,1,37,1,14,30,9,10,38.0,2,10,2,135,21,54,1,1487,54,24
491,2,10,2,4,10,58,10,0,8300000.0,187000,84.0,99.0,1,1,2,33,1,140,1,1,13,1,1,44,1,3,29.0,2,0,0,26,3,6,1,269,7,6
492,2,78,35,0,62,50,56,9,1500000.0,356000,46.0,96.0,1,1,2,122,1,301,3,1,72,1,2,33,0,12,26.0,2,11,0,42,24,87,0,1676,26,0
493,2,0,0,0,0,0,0,0,0.0,0,46.0,90.0,1,1,2,52,1,156,1,1,34,1,13,19,2,2,29.0,0,4,2,89,10,129,1,1648,32,32
494,2,10,4,4,6,91,11,10,16100000.0,4500000,62.0,100.0,1,1,2,20,0,146,0,1,11,0,1,14,0,10,33.0,0,9,0,142,29,58,1,1910,2,23
495,2,375,46,38,146,67,210,12,8700000.0,583000,74.0,99.0,1,1,2,65,1,161,2,1,47,1,4,41,2,14,25.0,1,9,0,201,18,61,1,2709,51,4
496,2,4200,362,4058,4450,67,438,0,2000000.0,252000,92.0,98.0,1,1,1,53,2,137,2,1,13,1,4,41,4,14,31.0,13,17,10,65,11,40,1,820,44,27
497,2,78,137,0,91,62,93,4,11900000.0,2500000,95.0,82.0,1,1,2,47,1,154,2,1,47,1,2,25,0,18,30.0,8,30,6,255,18,81,1,3119,64,16
498,2,16,1,3,8,83,11,0,142000000.0,17200000,39.0,76.0,1,1,2,52,1,218,1,1,13,1,7,20,2,0,0.0,0,15,0,112,24,58,1,307,19,24
499,2,20,57,4,20,19,45,6,40300000.0,4300000,61.0,97.0,1,1,1,37,1,302,2,1,37,1,3,21,1,3,20.0,0,6,1,92,6,53,0,494,10,16
500,1,19,23,4,17,53,25,3,845000.0,61200,70.0,98.0,1,1,2,52,1,153,1,1,33,1,11,32,4,18,21.0,2,0,0,48,16,43,1,3085,59,23
501,1,1,0,0,0,77,1,0,120000000.0,4100000,40.0,79.0,1,0,1,64,1,55,0,1,22,1,11,26,3,33,120.0,11,15,0,325,7,43,1,1269,35,14
502,1,30,217,0,32,76,59,0,34600000.0,887000,25.0,53.0,1,1,2,64,1,148,2,1,64,1,8,32,6,26,22.0,1,9,4,163,10,50,1,1776,50,14
503,1,9,3,5,9,51,5,0,11500.0,11500,65.0,86.0,1,1,2,45,1,0,0,0,0,0,1,13,1,0,0.0,0,1,0,27,1,74,1,231,4,21
504,1,630000,52100,0,8,72,2900,0,3100000.0,1900000,84.0,99.0,1,1,2,148,2,1774,2,1,114,2,13,16,0,15,20.0,0,11,0,117,86,76,0,5959,90,13
505,1,133,305,6,216,43,199,0,73300000.0,11300000,94.0,73.0,1,1,2,31,1,137,1,1,31,1,7,40,5,0,0.0,0,10,0,197,38,85,1,1059,25,24
506,1,1,0,0,1,62,1,0,924000.0,273000,51.0,78.0,1,1,1,33,1,136,2,1,18,1,11,23,0,4,17.0,0,5,1,582,14,58,1,3480,19,17
507,1,74,15,0,0,27,52,4,3900.0,10000,91.0,97.0,1,1,1,51,0,114,0,1,63,0,6,44,2,0,0.0,0,10,2,132,5,67,0,1223,14,13
508,1,1600,200,72,1225,71,402,0,0.0,0,0.0,0.0,0,1,1,0,0,0,0,0,0,0,0,0,0,0,0.0,0,0,0,0,0,0,0,63,0,0
509,1,3,4,0,5,36,5,0,0.0,0,0.0,0.0,0,1,1,0,0,0,0,0,0,0,0,0,0,0,0.0,0,0,0,0,0,83,0,3794,78,36
510,0,196,229,8,140,68,143,0,41100000.0,4100000,41.0,55.0,1,1,1,51,1,251,0,1,32,1,16,21,0,5,12.0,0,84,15,267,13,76,1,1662,4,12
511,0,331,334,30,328,63,240,8,3300000.0,447000,39.0,70.0,1,1,2,62,1,141,1,1,63,1,12,28,3,5,37.0,0,152,1,491,72,93,1,2431,27,10
512,0,63600,4600,30,328,100,2600,54,6700000000.0,323000000,87.0,99.0,1,1,2,34,1,0,0,1,22,1,15,20,0,17,23.0,1,185,1,645,180,52,1,6054,47,0
513,0,112,62,12,106,85,88,5,97600000.0,6600000,66.0,97.0,1,1,2,48,1,211,0,1,32,1,15,16,1,7,26.0,0,8,0,740,123,63,1,1137,14,14
514,0,566,459,65,473,71,355,0,21700000.0,1900000,43.0,65.0,1,1,2,110,1,192,1,1,68,1,24,37,1,10,61.0,0,19,0,52,40,110,1,916,9,6
515,0,2200,1200,366,1167,60,674,10,4100000.0,197000,73.0,92.0,1,1,1,63,1,200,2,1,29,1,8,28,0,10,25.0,0,5,0,208,22,48,0,4515,10,11
516,0,70,50,63,85,97,36,0,119000000.0,24700000,80.0,100.0,1,1,1,59,1,0,0,1,22,1,15,48,0,10,27.0,9,12,0,93,19,76,1,2388,17,26
517,0,9,29,3,15,35,20,6,97000.0,22900,98.0,100.0,1,1,2,74,1,171,1,1,74,1,9,32,2,7,59.0,2,18,1,157,11,82,1,2767,19,0
518,0,559,242,12,392,52,236,4,635000.0,69100,35.0,94.0,1,1,1,49,1,232,1,1,49,1,7,29,1,15,33.0,0,14,7,40,3,73,1,2078,10,10
519,0,125,9,0,122,65,35,0,8600000.0,1900000,64.0,87.0,1,1,2,50,1,198,2,1,62,1,9,26,4,20,39.0,0,11,0,88,44,81,1,2272,23,25
520,2,12,44,0,24,72,23,1,2100000.0,1100000,41.0,37.0,1,1,2,68,1,82,1,1,22,1,2,41,2,0,0.0,0,8,0,166,11,70,1,304,7,20
521,2,3,0,0,0,72,2,0,20700000.0,4400000,26.0,35.0,1,1,1,135,0,160,0,3,37,0,0,0,0,10,15.0,0,2,0,77,46,113,0,193,3,33
522,2,16,8,0,8,69,7,1,1000000.0,331000,29.0,46.0,1,1,2,99,1,200,0,8,21,2,21,45,0,13,83.0,0,18,0,29,44,104,1,857,6,6
523,2,24,74,4,31,52,22,1,5900000.0,589000,58.0,60.0,1,1,2,74,1,155,1,1,50,1,9,22,1,20,35.0,0,13,0,134,10,72,0,2722,9,19
524,2,6,0,0,0,14,1,6,44000.0,181000,59.0,50.0,1,1,1,89,0,89,0,0,0,0,7,20,0,1,22.0,0,5,0,66,39,113,0,346,1,11
525,2,2,1,0,0,30,2,10,15400.0,11700,99.0,100.0,1,1,2,58,1,138,0,1,39,1,2,32,0,9,35.0,0,5,1,14,11,69,1,1205,2,3
526,2,24,30,0,0,86,41,4,39900000.0,5600000,83.0,99.0,0,1,1,33,0,18,0,1,13,0,0,0,0,4,23.0,0,5,0,85,2,72,0,217,2,37
527,2,136,91,0,0,59,116,8,8700000.0,585000,80.0,98.0,1,1,2,55,1,172,2,1,55,1,10,28,1,14,25.0,1,14,5,218,18,76,1,2125,8,4
528,2,12,19,0,0,38,15,9,49700.0,14500,82.0,81.0,1,1,2,67,1,0,0,1,67,1,10,41,2,28,53.0,1,54,0,137,16,91,1,1825,10,10
529,2,2,0,0,0,19,1,0,22000000.0,3500000,90.0,98.0,1,1,1,54,0,0,0,7,38,0,4,17,0,3,18.0,0,8,0,50,24,32,0,274,1,24
530,1,80,18,0,0,21,29,0,25600000.0,7400000,100.0,100.0,0,1,1,53,1,0,0,2,26,1,10,14,0,0,0.0,0,0,0,24,20,62,0,1982,2,38
531,1,543,210,0,0,62,139,16,3100000.0,194000,58.0,76.0,1,1,2,73,1,0,0,1,44,1,9,26,1,8,25.0,1,20,3,223,37,80,1,1911,19,9
532,1,260,51,0,0,63,55,0,862000.0,128000,28.0,46.0,1,1,2,104,1,198,1,1,60,1,35,42,2,16,94.0,0,39,1,53,69,95,1,2557,8,4
533,1,1,8,0,0,81,6,0,26800000.0,8200000,34.0,60.0,1,1,2,137,1,1345,1,1,103,1,26,12,0,9,14.0,0,18,0,256,160,40,0,5887,18,19
534,1,0,6,0,0,72,5,0,364000.0,206000,66.0,94.0,1,1,1,126,1,250,1,3,61,1,5,9,0,1,137.0,0,3,0,274,22,88,0,210,5,26
535,1,2,35,0,0,19,12,0,16300000.0,4400000,36.0,84.0,1,1,1,163,1,200,1,1,151,1,29,12,0,12,31.0,1,37,0,319,251,49,0,4842,17,32
536,1,5,200,0,0,41,9,0,22800.0,9400,57.0,78.0,1,1,2,57,1,153,0,1,57,1,7,12,0,11,18.0,0,4,0,39,21,90,1,2911,4,6
537,1,0,2,0,0,88,2,0,82300000.0,15700000,40.0,78.0,1,1,1,75,1,162,0,2,76,2,7,12,0,7,38.0,2,304,57,150,91,108,1,3135,27,17
538,1,0,1,0,0,48,1,0,116000.0,55500,39.0,64.0,1,1,2,13,0,139,1,1,87,1,3,14,0,14,23.0,0,6,1,657,41,78,1,2441,9,0
539,1,630000,52100,0,0,72,2900,1700,3100000.0,1900000,77.0,99.0,1,1,2,140,1,1518,1,1,106,1,16,17,0,12,21.0,0,13,0,114,71,77,0,4529,10,13
540,0,179,95,38,119,85,153,7,97600000.0,6600000,65.0,94.0,1,1,2,39,1,211,0,1,23,1,1,16,0,2,34.0,0,40,0,739,151,54,1,1496,26,14
541,0,11800,3500,2144,3757,100,2200,36,6700000000.0,322000000,83.0,100.0,1,1,2,34,1,0,0,1,22,1,10,20,0,8,35.0,3,110,0,331,82,52,1,4449,63,0
542,0,660,477,6,12,51,487,4,4100000.0,197000,61.0,90.0,1,1,1,51,1,200,1,1,17,1,6,33,6,0,0.0,0,1,0,63,6,56,1,1786,36,11
543,0,99,52,7,53,86,80,0,41100000.0,4100000,40.0,52.0,1,1,1,55,1,255,1,1,32,1,18,23,4,15,28.0,4,75,6,269,13,66,1,1551,29,12
544,0,174,139,36,205,71,152,0,21700000.0,1900000,32.0,59.0,1,1,2,87,1,198,1,7,21,3,19,42,7,10,87.0,3,19,0,51,40,66,1,610,10,6
545,0,307,299,8,36,56,289,11,3300000.0,463000,41.0,75.0,1,1,2,61,2,157,2,1,94,2,14,35,7,5,37.0,0,87,2,427,84,67,1,2032,64,0
546,0,50,807,0,1,40,65,1,1200000.0,247000,80.0,96.0,1,1,1,62,1,276,2,8,32,5,10,28,5,3,16.0,0,17,0,94,19,71,1,1606,26,26
547,0,46,37,18,38,78,62,0,18800000.0,2100000,56.0,93.0,1,1,2,65,1,159,2,1,36,1,11,33,5,6,18.0,0,27,1,207,11,86,1,1611,28,14
548,0,14,1,5,10,97,15,0,119000000.0,24600000,70.0,77.0,1,1,1,48,1,0,0,1,11,1,13,41,0,10,26.0,5,8,0,113,19,60,1,9264,40,26
549,0,1,1,1,1,86,2,0,39900000.0,5600000,16.0,28.0,1,1,1,25,1,124,1,1,33,1,12,31,7,0,0.0,0,3,0,9,7,38,1,1660,36,37
550,2,36,28,0,39,53,36,2,5900000.0,577000,57.0,62.0,1,1,2,68,1,139,2,1,54,1,10,27,2,19,41.0,2,12,2,160,12,58,1,2529,26,19
551,2,0,0,0,0,0,0,0,0.0,0,38.0,90.0,1,1,1,101,1,160,1,1,55,1,9,15,0,6,24.0,1,32,2,141,252,96,1,3756,19,24
552,2,10,4,0,7,65,9,1,3900000.0,361000,60.0,74.0,1,1,1,54,1,506,2,1,22,1,5,13,0,1,333.0,1,1,0,46,1,50,1,3672,19,22
553,2,144,78,7,70,100,56,0,786000000.0,22400000,72.0,96.0,1,1,2,50,1,100,2,3,17,2,16,10,0,9,10.0,0,18,0,155,9,35,1,83,2,15
554,2,1,4,0,0,81,3,1,57800000.0,2700000,39.0,52.0,1,1,2,39,1,0,0,0,0,0,4,18,1,24,18.0,0,15,0,89,23,76,1,2200,13,11
555,2,5,1,0,4,67,4,0,7100000.0,1100000,0.0,0.0,0,1,1,0,0,0,0,0,0,0,0,0,0,0,0.0,0,0,0,0,0,61,0,4824,80,37
556,2,0,0,0,0,0,0,0,0.0,0,0.0,0.0,0,1,1,0,0,0,0,0,0,0,0,0,0,0,0.0,0,0,0,0,0,85,0,2010,13,36
557,2,1,0,0,1,62,1,0,7300000.0,1400000,20.0,52.0,1,1,2,33,1,35,0,1,33,1,3,10,0,0,0.0,0,1,0,35,10,65,1,513,9,0
558,2,3,8,0,3,42,6,0,104000.0,18700,38.0,70.0,1,1,1,49,1,209,0,1,40,1,7,20,0,0,0.0,0,17,6,166,10,76,1,1894,8,24
559,2,0,0,0,0,0,0,0,0.0,0,46.0,79.0,1,1,2,60,1,105,1,1,41,1,4,17,0,24,68.0,3,0,0,133,12,129,1,1347,14,8
560,1,13,1,0,12,39,11,4,24300.0,8000,78.0,95.0,1,1,2,46,1,0,0,2,22,1,6,34,2,5,25.0,0,1,1,13,4,60,1,1066,10,11
561,1,0,0,0,0,0,0,0,0.0,0,0.0,0.0,0,1,2,24,0,0,0,0,0,0,1,15,0,0,0.0,0,3,0,132,12,39,1,0,0,5
562,1,1,6,0,4,62,7,0,142000.0,77100,47.0,98.0,1,1,2,92,1,254,1,2,45,1,6,18,0,1,78.0,1,0,0,52,29,106,1,620,10,14
563,1,765,11,0,770,20,31,5,339000.0,105000,23.0,68.0,1,1,1,61,1,175,1,1,0,0,0,0,0,17,58.0,1,5,1,73,47,91,1,2327,12,21
564,1,0,0,0,0,0,0,0,0.0,0,25.0,26.0,1,1,1,21,1,373,0,1,21,1,0,0,0,21,28.0,7,9,0,50,13,62,1,1065,22,24
565,1,30,33,1,34,52,41,0,425000.0,221000,24.0,77.0,1,1,1,68,1,85,1,1,50,1,5,17,1,8,26.0,3,11,2,36,6,80,1,1431,18,3
566,1,4,5,1,5,38,8,2,9900.0,4400,38.0,79.0,1,1,2,54,1,147,1,2,18,1,11,47,2,5,32.0,2,6,1,83,5,48,1,761,17,25
567,1,20,16,7,18,71,26,4,29600000.0,3100000,77.0,93.0,1,1,2,60,1,302,1,1,60,1,7,25,1,0,0.0,0,4,1,47,6,67,1,2819,10,1
568,1,4,4,0,3,50,5,14,26500.0,10800,33.0,56.0,1,1,2,76,1,179,1,1,45,1,18,40,5,0,0.0,0,18,0,29,40,87,1,472,11,10
569,1,16,45,0,14,64,25,0,5400000.0,2100000,39.0,88.0,1,1,2,58,2,124,1,1,21,1,1,30,1,6,36.0,4,8,2,290,3,45,1,1091,23,10
570,0,253,169,29,104,86,147,0,41100000.0,4100000,41.0,51.0,1,1,1,67,1,267,1,1,54,1,19,24,33,5,12.0,0,79,11,269,13,76,0,1809,7,12
571,0,310,405,24,66,71,307,0,21700000.0,1900000,48.0,62.0,1,1,2,104,0,194,1,6,22,1,24,41,4,10,77.0,1,19,0,51,48,106,0,2109,35,6
572,0,118,124,1,52,86,129,7,39900000.0,5500000,19.0,40.0,1,1,1,48,0,157,0,1,42,0,7,29,3,0,0.0,0,3,0,10,9,30,1,1673,28,37
573,0,4300,4000,550,1185,100,1900,20,6700000000.0,323000000,88.0,100.0,1,1,2,41,0,0,0,1,29,0,19,23,2,2,43.0,0,54,1,308,72,59,0,3357,38,0
574,0,38,75,1,36,55,69,5,40300000.0,4400000,56.0,97.0,1,1,1,41,1,331,3,1,41,1,7,20,5,10,12.0,0,7,1,99,6,7,1,1131,24,16
575,0,21,26,0,12,56,35,6,3300000.0,520000,41.0,38.0,1,1,2,61,3,128,1,1,57,1,10,19,1,10,26.0,0,43,3,347,65,102,1,1150,23,10
576,0,100,19,0,42,93,48,1,117000000.0,3400000,65.0,96.0,1,1,1,51,1,168,0,1,44,1,19,15,1,31,11.0,0,3,0,450,92,50,1,732,20,23
577,0,67,35,0,3,91,80,0,209000000.0,26900000,55.0,63.0,1,1,2,97,1,199,2,1,18,0,19,36,4,1,14.0,0,18,0,65,0,55,0,1537,12,24
578,0,316,35,1,156,68,136,12,8700000.0,583000,74.0,81.0,1,1,2,58,2,190,3,1,37,1,17,34,8,13,24.0,0,8,0,234,19,64,1,1801,39,4
579,0,20,8,0,7,37,19,6,67900.0,21300,47.0,90.0,1,1,2,56,1,258,1,1,36,0,9,34,2,13,26.0,3,24,4,85,8,44,1,2235,26,0
580,2,0,0,0,0,0,0,0,0.0,0,32.0,75.0,1,1,2,40,1,150,0,1,40,1,2,39,0,3,52.0,0,10,0,126,16,60,1,1545,38,28
581,2,0,0,0,0,0,0,0,0.0,0,38.0,69.0,1,1,1,51,1,155,1,1,69,1,0,0,0,3,38.0,1,12,2,27,10,90,1,251,8,0
582,2,3,147,0,0,86,24,20,45200000.0,10800000,70.0,94.0,1,1,2,142,1,1802,9,1,121,1,24,18,0,32,56.0,2,7,0,152,100,50,0,5226,144,28
583,2,49,22,0,41,40,24,0,160000.0,44300,31.0,54.0,1,1,2,102,1,192,2,5,29,2,21,40,4,0,0.0,0,19,0,52,58,108,1,1665,30,0
584,2,7,16,0,6,27,19,6,27000.0,10200,4.0,53.0,0,1,2,75,1,343,0,2,53,1,5,20,0,27,27.0,5,21,1,135,37,61,0,1820,24,8
585,2,110,20,49,49,33,42,2,2600000000.0,135000000,42.0,81.0,1,1,1,55,1,383,1,1,36,1,9,30,3,5,12.0,0,1,0,1320,13,72,0,695,26,28
586,2,0,0,0,0,0,0,0,0.0,0,67.0,90.0,0,1,2,41,1,0,0,1,41,1,5,20,3,9,12.0,0,4,0,79,4,58,1,1460,28,0
587,2,0,0,0,0,0,0,0,0.0,0,15.0,46.0,1,1,2,26,1,24,0,1,26,1,5,0,0,7,11.0,1,1,0,35,11,58,1,460,9,0
588,2,51,0,0,51,47,1,0,527000.0,157000,26.0,38.0,1,1,1,32,1,782,3,1,32,1,9,18,0,9,37.0,2,22,0,79,131,69,0,9959,137,29
589,2,60,13,1,11,50,18,12,795000.0,105000,54.0,96.0,1,1,2,46,0,103,1,1,19,0,8,10,0,8,21.0,0,8,1,334,18,65,1,3009,15,14
590,1,11,2,0,4,21,10,1,11700.0,3300,45.0,76.0,1,1,2,110,2,0,0,1,80,2,2,22,0,4,31.0,3,1,0,85,1,138,2,597,21,3
591,1,65,93,0,0,30,88,11,1800.0,79,64.0,87.0,1,1,2,18,0,0,0,1,73,0,12,19,5,0,0.0,0,0,0,14,14,59,0,3341,55,0
592,1,3,17,0,0,17,8,0,1100000.0,900000,14.0,57.0,1,1,1,100,0,200,1,1,89,0,7,18,0,0,0.0,0,5,0,172,312,52,0,236,6,25
593,1,9,13,0,0,44,12,5,146000.0,47900,70.0,99.0,1,1,2,50,1,193,0,1,35,1,11,32,2,7,23.0,0,1,0,32,5,48,0,964,18,5
594,1,0,0,0,0,0,0,0,32600.0,43400,96.0,100.0,0,1,1,59,0,1222,3,0,0,0,1,15,0,5,27.0,0,3,0,74,41,84,0,211,4,12
595,1,0,0,0,0,0,0,0,0.0,0,80.0,97.0,1,0,1,164,1,0,0,0,0,0,1,104,1,7,12.0,0,2,0,49,14,39,0,370,9,0
596,1,0,0,0,0,0,0,0,0.0,0,36.0,76.0,1,1,1,157,1,0,0,2,45,1,7,38,0,23,13.0,0,47,0,126,63,46,0,139,6,30
597,1,3,0,0,1,2,1,2,6100.0,3500,76.0,97.0,1,0,2,90,1,0,0,2,16,0,11,14,0,1,65.0,1,3,0,146,87,90,1,302,21,0
598,1,5,34,0,0,55,16,7,884000.0,97700,34.0,85.0,1,0,2,54,1,0,0,1,50,0,9,19,3,4,28.0,1,13,0,136,67,120,1,1012,26,12
599,1,13,2,0,0,52,3,4,133000.0,68000,76.0,98.0,1,1,2,58,1,158,1,1,25,1,3,43,1,3,42.0,2,12,0,85,24,68,1,551,13,25
600,0,5300,1100,1013,4402,62,1800,3,2700000.0,214000,10.0,34.0,1,1,1,69,3,161,2,10,38,10,6,227,5,15,26.0,10,6,5,45,18,38,2,1195,154,34
601,0,30300,8100,10889,24112,100,5300,158,6700000000.0,323000000,86.0,100.0,1,1,2,14,1,0,0,1,2,1,16,19,2,32,24.0,3,7,1,1294,490,32,1,7378,412,0
602,0,479,179,146,483,91,352,12,16100000.0,4500000,60.0,74.0,1,1,2,63,1,131,1,1,11,1,1,14,0,12,28.0,12,10,2,128,28,57,1,2074,122,0
603,0,442,227,104,394,59,267,6,32600000.0,2200000,26.0,66.0,1,1,2,57,2,236,3,1,11,1,1,15,0,13,25.0,6,4,1,42,12,55,1,823,54,36
604,0,1100,350,48,801,88,590,14,73000000.0,3700000,44.0,70.0,1,1,2,70,2,157,1,1,34,1,10,32,7,24,31.0,17,2,1,241,43,52,2,2300,136,23
605,0,920,765,174,727,63,593,25,1300000.0,352000,30.0,80.0,1,1,1,44,1,162,2,1,54,1,23,30,16,12,52.0,5,21,12,395,48,87,1,2696,169,22
606,0,195,21,11,129,58,146,9,718000.0,225000,47.0,81.0,1,1,2,49,1,185,1,3,50,2,15,33,11,0,0.0,0,5,3,357,41,62,1,2937,77,16
607,0,36000,2300,1081,34090,58,2300,16,2100000.0,190000,71.0,96.0,1,1,1,55,1,156,1,1,14,1,8,27,7,0,0.0,0,18,18,137,124,30,1,662,50,33
608,0,8900,1100,1133,2614,86,1200,15,40600000.0,8500000,52.0,70.0,1,1,2,19,1,165,2,1,11,1,7,22,6,16,28.0,4,26,6,204,43,37,1,3431,144,28
609,0,6600,1100,2586,6813,84,1200,20,34100000.0,9900000,54.0,69.0,1,1,2,68,1,153,1,1,51,1,11,25,10,19,17.0,3,21,10,251,63,48,1,4706,207,20
610,2,113000,13500,61,84983,33,2600,559,111000.0,7600,26.0,32.0,0,1,2,18,1,127,2,2,24,1,4,13,0,14,61.0,6,0,0,101,9,27,1,196,7,16
611,2,16,0,0,0,97,4,0,119000000.0,24400000,59.0,92.0,1,1,1,60,1,0,0,1,44,1,10,15,0,10,95.0,5,8,0,66,86,67,0,1188,111,26
612,2,2,0,0,2,67,2,0,6200000.0,3000000,46.0,83.0,1,1,1,77,1,106,1,2,68,2,10,60,3,0,0.0,0,23,0,56,24,48,0,236,9,24
613,2,200,272,0,175,50,148,8,305000.0,254000,69.0,94.0,1,1,2,56,1,144,1,1,20,1,18,68,4,11,17.0,1,20,1,112,48,57,1,2086,54,10
614,2,7,4,1,8,56,9,5,14800000.0,94900,59.0,89.0,1,1,1,71,2,135,2,1,49,1,3,21,2,5,49.0,1,3,2,168,10,107,1,687,22,28
615,2,26,6,1,27,20,23,5,448000.0,152000,55.0,68.0,1,1,1,48,1,155,2,1,39,2,7,51,7,9,18.0,1,2,1,122,6,105,1,1896,75,6
616,2,6,5,0,6,49,9,5,998000.0,41500,48.0,85.0,1,1,2,54,1,98,1,1,43,1,7,38,3,2,16.0,0,19,0,116,9,83,1,1309,32,28
617,2,26,4,0,28,99,26,32,134000000.0,25900000,66.0,82.0,1,1,2,93,2,167,2,1,13,1,32,63,24,0,0.0,0,37,24,209,55,56,1,3063,103,26
618,2,37,5,1,4,26,28,7,14000000.0,1700000,55.0,88.0,1,1,2,66,1,285,1,1,23,1,8,63,4,27,48.0,9,9,0,384,45,103,1,445,10,28
619,2,3,0,0,1,20,3,0,3300000.0,1000000,0.0,0.0,0,1,1,0,0,0,0,0,0,0,0,0,0,0,0.0,0,0,0,0,0,96,0,1886,38,0
620,1,2,0,0,2,47,1,2,63900.0,69700,58.0,89.0,1,1,1,74,1,35,0,2,75,2,8,24,0,4,29.0,1,12,0,85,21,110,1,1040,21,25
621,1,252,483,15,240,84,212,0,49300000.0,6500000,57.0,83.0,1,1,2,25,1,150,0,1,13,1,6,21,2,5,10.0,0,4,0,55,43,58,1,2004,62,38
622,1,541,102,536,600,88,199,1,399000000.0,32700000,40.0,78.0,1,1,2,30,1,0,0,1,2,1,0,0,0,20,71.0,10,0,0,159,34,41,1,530,21,0
623,1,13,3,0,4,73,13,2,702000.0,268000,27.0,67.0,1,1,2,97,1,0,0,5,25,1,28,28,1,16,20.0,0,233,8,493,15,84,1,624,41,2
624,1,0,0,0,0,0,0,0,0.0,0,49.0,77.0,1,1,2,44,1,158,1,311,55,30,7,18,3,20,40.0,5,15,2,543,48,64,1,1013,37,0
625,1,1100,944,61,1133,74,93,5,6700000.0,2400000,28.0,60.0,1,1,1,84,1,147,1,1,65,1,1,17,0,1,17.0,1,40,1,119,55,104,1,1005,34,27
626,1,96,4,0,8,92,59,12,65600000.0,18000000,57.0,53.0,1,1,2,61,1,154,0,1,54,1,0,0,0,9,21.0,0,4,1,42,16,129,1,1324,31,29
627,1,717,75,132,488,51,342,4,555000000.0,45500000,33.0,49.0,1,1,2,59,1,151,0,1,38,1,2,19,0,0,0.0,0,4,0,27,16,81,1,1000,19,29
628,1,20,2,3,20,78,17,4,18800000.0,2100000,77.0,99.0,1,1,2,53,1,154,2,1,53,1,9,36,4,16,35.0,0,14,2,134,15,75,1,1182,41,13
629,1,113,15,0,70,26,62,12,5800000.0,997000,34.0,70.0,1,1,1,53,1,114,1,1,47,1,0,0,0,5,11.0,0,9,1,294,92,97,1,707,13,28
630,0,1600000,90800,31634,162071,93,20700,9,117000000.0,3400000,96.0,99.0,1,1,1,19,1,168,1,1,19,1,33,15,4,21,11.0,2,3,0,451,93,29,0,455,33,23
631,0,110000,47400,45235,122307,56,10400,7,464000.0,17800,39.0,85.0,1,1,1,64,2,231,5,1,22,1,2,43,1,9,34.0,2,4,4,10,13,27,1,193,11,27
632,0,4700000,1500000,303661,958543,97,45100,131,70100000.0,4800000,50.0,82.0,1,1,1,16,1,461,2,1,10,1,8,11,0,5,20.0,1,0,0,439,27,25,1,762,60,25
633,0,1900000,152000,2029758,2118646,100,15300,130,6700000000.0,323000000,81.0,96.0,1,1,2,22,1,0,0,1,10,1,13,13,0,28,20.0,0,12,1,1224,348,40,1,6861,182,0
634,0,2200,374,210,1808,69,370,7,40300000.0,4500000,67.0,96.0,1,1,1,19,1,295,3,1,19,1,5,23,3,2,19.0,0,7,3,113,7,51,1,750,42,16
635,0,754,342,235,859,86,459,0,41100000.0,4100000,36.0,51.0,1,1,1,38,1,211,4,1,25,1,32,17,16,6,13.0,1,86,2,648,13,46,1,1534,136,12
636,0,6100,2500,996,6040,66,2100,1,9300000.0,867000,40.0,65.0,1,1,2,29,1,108,1,1,16,1,29,19,3,31,19.0,8,6,0,131,28,59,1,1249,46,11
637,0,207000,69200,3160,172428,53,15000,98,2800000.0,261000,90.0,90.0,1,1,2,30,1,166,1,1,30,1,5,22,1,0,0.0,0,0,0,241,5,24,1,728,11,0
638,0,52000,34100,363,64003,43,8900,0,220000.0,40300,70.0,85.0,1,1,1,19,1,0,0,1,37,1,3,11,0,5,16.0,0,6,0,33,19,31,1,293,4,15
639,0,2300000,759000,183,14260,69,49000,360,6200000.0,159000,94.0,100.0,1,1,1,7,0,72,2,0,0,0,1,26,0,0,0.0,0,4,0,33,20,22,0,37,1,13
640,2,5300,3200,50,6593,65,1600,1,5200000.0,799000,59.0,94.0,1,1,1,42,1,137,2,1,79,1,3,27,3,0,0.0,0,0,0,12,0,53,1,62,8,12
641,2,7400,4200,2181,9282,66,1500,5,780000.0,76700,63.0,82.0,0,1,1,29,1,0,0,1,29,1,9,15,0,57,24.0,0,0,0,277,19,48,0,16250,17,0
642,2,483,171,29,352,100,288,12,97000000000.0,338000000,31.0,71.0,1,1,2,96,1,127,2,1,36,1,12,33,1,5,16.0,0,7,0,329,34,92,2,2042,43,0
643,2,402000,329000,68,7070,50,16900,447,372000.0,32900,85.0,100.0,1,1,1,13,0,43,1,1,31,1,0,0,0,6,18.0,2,14,0,25,27,19,0,159,4,0
644,2,21100,6100,25,634,61,2900,51,2900000.0,309000,54.0,95.0,1,1,1,58,1,154,1,1,61,1,5,19,0,6,42.0,0,2,0,126,54,29,0,466,6,7
645,2,3600,6100,55,3210,100,1100,0,12600000000.0,387000000,62.0,97.0,1,1,1,27,1,0,0,1,27,1,1,6,0,1,10.0,0,10,0,51,19,48,1,103,8,26
646,2,144,209,14,2737,56,151,6,3300000.0,29800,58.0,92.0,1,1,2,68,2,226,2,2,18,1,2,16,0,1,0.0,0,2,0,37,10,29,1,445,13,0
647,2,11200,3000,40,351,92,2200,39,40400000.0,6700000,42.0,71.0,1,1,2,70,0,270,2,2,38,0,20,17,0,27,7.0,0,0,0,283,15,70,0,1031,4,17
648,2,588000,103000,46,1292,51,9900,272,1300000.0,76300,92.0,99.0,1,1,1,12,0,124,0,1,6,0,8,15,0,0,0.0,0,1,0,31,18,17,0,245,1,9
649,2,2900,683,619,1690,79,754,110,11800000.0,2900000,88.0,99.0,1,1,2,52,1,0,0,1,10,1,12,39,1,10,12.0,0,4,0,161,77,40,1,547,22,19
650,1,1400000,204000,4,8140,67,17300,1600,687000.0,33600,86.0,99.0,1,1,1,75,1,64,1,1,64,1,6,22,0,8,21.0,0,9,0,42,45,27,0,538,3,5
651,1,13200,26300,20,19228,99,1700,15,97000000000.0,338000000,24.0,85.0,1,1,2,39,1,0,0,1,39,1,6,42,0,3,9.0,0,3,0,316,32,42,0,908,8,0
652,1,295000,69500,16,5557,60,7800,133,3700.0,3700,100.0,100.0,0,0,1,75,1,0,0,1,30,1,1,32,1,2,26.0,0,0,0,15,0,23,0,101,0,17
653,1,759,87,751,797,77,50,14,60800000.0,1700000,60.0,50.0,1,1,1,171,1,497,4,1,12,1,20,56,0,0,0.0,0,3,0,200,11,35,1,2203,26,20
654,1,577,223,50,751,59,182,7,3100000.0,464000,100.0,99.0,1,1,1,60,1,0,0,0,0,0,1,19,0,0,0.0,0,5,0,56,16,54,1,1728,39,27
655,1,1200,751,31,878,83,451,6,58300000.0,4900000,43.0,82.0,1,1,2,61,1,119,1,1,61,1,15,21,2,22,41.0,1,25,0,95,63,65,1,2415,27,18
656,1,1700,1500,16,2787,38,744,14,7700.0,501,48.0,92.0,1,1,1,51,2,0,0,2,17,1,12,20,2,35,35.0,1,3,0,15,33,31,1,2137,31,14
657,1,1900,1200,15,2653,30,394,70,0.0,1000,78.0,99.0,1,1,1,29,1,39,1,1,39,1,18,46,12,12,23.0,4,37,0,12,8,30,1,4722,162,0
658,1,1200000,3500,87,1260,57,3500,318,31800.0,15400,86.0,89.0,1,1,2,42,1,31,1,9,19,2,9,33,1,0,0.0,0,19,1,58,48,25,0,326,2,10
659,1,214000,4700,0,115988,41,1600,297,7900.0,6600,48.0,77.0,1,1,2,35,1,111,1,5,16,0,1,24,0,8,15.0,0,0,0,240,4,34,1,127,4,0
660,0,367000000,79400000,19595035,99925391,74,241000,17600,11200000.0,727000,74.0,97.0,1,1,1,27,1,132,1,0,0,0,25,23,25,0,0.0,0,4,3,177,76,20,1,2373,165,25
661,0,1100000,63300,10650,270041,93,10400,7,125000000.0,3400000,96.0,98.0,1,1,1,12,1,168,1,1,12,1,24,15,14,21,12.0,1,3,0,1182,92,30,1,252,26,23
662,0,1300000,149000,1058597,1415762,100,9700,126,7900000000.0,353000000,80.0,97.0,1,1,2,15,1,0,0,1,3,1,15,18,1,13,18.0,8,13,2,1727,490,33,1,9235,882,0
663,0,1100,337,557,1127,86,283,0,44300000.0,4200000,37.0,48.0,1,1,1,31,1,158,3,1,12,1,35,14,19,5,12.0,0,88,5,342,13,39,1,871,63,12
664,0,1100,364,97,1260,64,362,7,46300000.0,4700000,67.0,98.0,1,1,1,12,1,284,5,1,12,1,6,18,4,2,19.0,0,7,3,127,7,44,1,470,34,16
665,0,1600,245,174,1678,65,307,0,29300000.0,2000000,62.0,87.0,1,1,2,43,1,149,2,1,43,1,3,17,1,7,18.0,3,3,0,382,7,41,1,514,52,14
666,0,2800,389,289,1774,66,732,0,10600000.0,890000,38.0,65.0,1,1,2,22,1,91,1,1,9,1,30,17,0,29,21.0,8,6,0,131,28,42,1,1085,65,11
667,0,14700000,2100000,138,39898,65,41100,447,7200000.0,318000,91.0,99.0,1,1,1,44,1,168,1,1,34,1,26,106,3,5,13.0,0,76,0,86,54,20,0,1217,9,12
668,0,3200,310,304,3540,49,371,1,125000000.0,3400000,96.0,98.0,1,1,1,16,1,168,1,1,16,1,20,15,13,20,11.0,0,3,0,1155,91,43,2,342,43,23
669,0,23900000,786000,10,14000000,58,29300,1200,867000.0,24300,98.0,100.0,1,1,1,10,1,0,0,1,36,1,5,14,0,4,15.0,0,18,2,40,35,27,1,441,17,0
670,2,429000000,201000,45,5951971,46,29500,1900,358000.0,63800,73.0,95.0,1,1,1,17,1,0,0,1,11,0,4,36,0,0,0.0,0,15,12,91,35,29,0,1216,6,0
671,2,327000,116000,24,402561,39,7000,60,74300.0,4500,95.0,100.0,1,1,2,35,2,0,0,1,19,1,0,0,0,2,11.0,0,4,2,14,7,19,1,111,9,0
672,2,101000,32200,1,1636,41,8200,57,80100.0,14100,90.0,67.0,1,1,1,31,0,105,1,6,15,1,6,21,0,4,14.0,0,0,0,16,16,30,0,417,44,0
673,2,344,222,80,350,100,125,0,1500000000.0,130000000,94.0,100.0,1,1,2,67,1,235,2,2,25,2,2,20,0,28,26.0,11,24,7,88,6,0,44,1,27,20
674,2,69,630,3,679,91,33,11,18100000.0,4900000,61.0,93.0,1,1,2,67,1,126,1,1,28,1,1,14,0,0,0.0,0,7,0,182,26,71,1,304,21,23
675,2,1700,2900,58,3902,31,962,14,86700.0,1600,93.0,100.0,1,1,1,55,2,130,1,1,16,1,0,0,0,1,15.0,0,1,0,6,5,27,1,65,10,12
676,2,98,162,18,148,29,98,26,53800.0,16200,60.0,85.0,1,1,1,51,1,137,3,1,62,1,9,21,2,2,30.0,2,1,1,104,13,27,0,483,25,14
677,2,23800,8200,132,15873,33,2100,18,145000.0,33500,75.0,97.0,1,1,2,12,1,117,2,1,12,1,37,22,9,0,0.0,0,0,0,279,0,28,1,2821,53,3
678,2,119,14,68,118,97,45,4,78100000.0,4700000,85.0,100.0,1,1,1,67,1,188,2,1,3,1,8,11,0,4,23.0,1,0,0,61,21,53,1,107,13,25
679,2,1900,1500,0,286,67,636,0,1100000.0,67600,64.0,87.0,0,1,1,29,0,0,0,0,0,0,0,0,0,0,0.0,0,1,0,0,0,46,1,0,0,25
680,1,166,23,3,158,22,35,0,39700000.0,13700000,61.0,94.0,1,1,2,81,1,148,2,1,41,1,5,19,2,7,35.0,0,90,0,551,10,74,1,2900,23,27
681,1,14400,3700,0,970,69,2500,23,59600000.0,230000,62.0,63.0,1,1,1,38,0,44,0,0,0,0,0,0,0,0,0.0,0,65,0,325,55,45,1,400,0,0
682,1,0,0,0,0,0,0,0,0.0,0,62.0,95.0,1,1,2,63,2,306,3,1,46,1,8,35,3,6,15.0,0,12,1,71,13,92,1,546,33,13
683,1,974,65300,4,71,61,633,2,174000.0,14400,65.0,74.0,1,1,2,87,1,65,0,0,0,0,1,38,0,2,19.0,0,5,0,34,3,33,0,164,1,0
684,1,17800,1900,0,18559,75,534,15,40100.0,19000,88.0,62.0,0,1,1,45,0,150,0,1,38,0,3,14,0,0,0.0,0,3,0,12,25,25,1,168,0,10
685,1,2700,895,0,1451,55,761,44,200000.0,40700,0.0,0.0,0,1,1,27,0,184,0,0,0,0,1,18,0,12,15.0,0,28,0,181,27,32,1,546,0,0
686,1,2000,832,0,688,66,500,0,307000.0,60900,69.0,96.0,1,1,1,22,0,0,0,0,0,0,0,0,0,0,0.0,0,2,0,8,48,46,1,44,0,20
687,1,25400000,563000,0,41691,74,16200,13600,1900000.0,1500000,54.0,96.0,1,1,1,10,0,27,0,1,36,0,10,14,0,68,69.0,0,6,0,33,202,23,0,700,0,24
688,1,1300,906,0,401,59,435,0,1100000.0,68000,0.0,0.0,0,1,1,45,0,0,0,0,0,0,0,0,0,0,0.0,0,6,0,59,2,43,1,119,0,0
689,1,698,444,0,698,66,141,3,602000.0,66900,61.0,88.0,0,1,1,22,0,114,0,1,16,0,0,0,0,3,21.0,0,7,0,107,17,45,1,129,0,14
690,0,2100,822,598,1900,91,993,16,18100000.0,4800000,64.0,75.0,1,1,2,40,1,151,1,1,31,1,1,14,0,8,28.0,8,9,0,128,29,62,1,2221,115,23
691,0,306000,93100,11756,216380,93,14300,2,125000000.0,3400000,97.0,99.0,1,1,1,12,1,168,1,1,12,1,19,16,9,21,12.0,1,3,0,713,92,30,1,230,31,23
692,0,293000,194000,239991,416037,100,16300,205,7900000000.0,343000000,87.0,100.0,1,1,2,15,1,0,0,1,3,1,14,20,2,10,23.0,0,7,0,1276,176,33,1,3636,298,0
693,0,708,423,137,839,63,466,5,46300000.0,4700000,69.0,96.0,1,1,1,12,1,313,6,1,12,1,4,15,2,2,19.0,0,6,2,122,6,44,1,469,36,16
694,0,2000,174,982,1789,86,333,0,44300000.0,4200000,35.0,47.0,1,1,1,31,1,140,2,1,12,1,34,14,23,11,13.0,0,87,10,351,14,39,1,1388,78,12
695,0,3000,2300,125,3056,92,1500,32,46600000.0,6700000,51.0,74.0,1,1,2,55,1,213,2,2,46,1,7,20,5,10,9.0,0,0,0,185,15,62,1,451,18,17
696,0,5100,2100,463,4698,66,1700,0,10600000.0,887000,37.0,65.0,1,1,2,22,1,128,1,1,9,1,29,18,3,26,19.0,5,6,0,129,30,42,1,879,26,11
697,0,2200,1500,778,2735,62,1100,1,125000000.0,3400000,95.0,100.0,1,1,1,16,1,168,1,1,19,1,14,16,8,21,12.0,1,3,0,703,90,43,1,430,35,23
698,0,397,182,178,464,56,278,5,46300000.0,4700000,60.0,98.0,1,1,1,14,1,161,2,1,14,1,5,16,5,5,26.0,0,6,2,120,6,51,2,556,29,16
699,0,10400,7200,124,11786,100,3400,6,1500000000.0,36200000,60.0,86.0,1,1,2,32,1,149,2,1,42,1,12,21,5,7,8.0,0,11,0,79,87,63,2,271,29,32
700,2,122,70,6,142,41,123,0,1600000.0,344000,74.0,92.0,1,1,1,12,1,221,2,1,12,1,12,17,11,3,12.0,3,6,1,129,4,42,1,558,26,20
701,2,2100,1600,40,2342,70,836,9,30800000.0,947000,57.0,89.0,1,1,1,37,2,0,0,1,37,2,3,15,3,10,20.0,8,3,1,122,54,29,1,426,85,11
702,2,51,22,2,54,60,43,7,2100000.0,413000,32.0,73.0,1,1,1,48,1,159,1,3,24,3,8,29,7,6,17.0,0,17,1,328,55,61,1,1757,62,26
703,2,1300,535,16,1293,56,747,16,1800000.0,206000,91.0,99.0,1,1,1,51,1,67,0,1,37,1,4,18,0,6,42.0,0,2,0,165,33,88,1,4063,101,22
704,2,2900,7300,30,2509,55,1100,9,5300000.0,962000,47.0,63.0,1,1,2,46,1,182,3,1,33,1,2,17,2,0,0.0,0,8,0,84,4,41,1,2206,87,15
705,2,37900,1000,13838,35210,88,570,13,424000000.0,12300000,70.0,99.0,1,1,1,39,1,0,0,2,20,1,1,12,0,18,50.0,7,15,0,179,65,56,1,1357,57,19
706,2,8100,3500,5,9628,49,976,12,1100000.0,172000,50.0,95.0,1,1,2,81,1,127,2,1,70,1,11,39,5,21,20.0,2,59,12,176,36,47,2,4484,207,23
707,2,572,92,439,542,78,153,1,18800000.0,2100000,77.0,97.0,1,1,2,32,1,154,4,1,32,1,12,24,5,29,27.0,3,51,27,152,11,62,2,1862,21,14
708,2,14100000,4500000,140,17257000,42,38200,10500,584000.0,188000,62.0,84.0,1,1,2,46,2,94,1,11,42,3,4,12,0,7,45.0,1,14,10,122,6,33,1,550,33,23
709,2,316,509,4,720,65,213,0,15900000.0,736000,31.0,60.0,1,1,1,28,1,200,0,1,12,1,0,0,0,0,0.0,0,2,0,42,0,41,1,125,7,14
710,1,115,92,62,109,69,95,0,2100000.0,1100000,86.0,99.0,1,1,2,69,1,85,0,1,25,0,4,40,1,6,21.0,0,17,0,193,10,72,1,530,27,20
711,1,11200,9800,0,13354,67,2000,67,28400.0,7700,67.0,93.0,1,1,1,58,4,180,4,1,15,1,5,25,2,0,0.0,0,3,2,38,26,28,1,854,36,15
712,1,0,1,0,0,61,1,25,40500.0,25400,54.0,90.0,1,1,2,42,1,138,2,1,20,1,0,0,0,4,30.0,0,10,5,141,37,61,1,264,22,23
713,1,848,492,3,549,45,311,0,30800.0,11100,70.0,91.0,1,1,2,39,1,0,0,1,16,1,8,18,1,8,23.0,3,18,0,50,3,62,1,700,73,23
714,1,2600,606,0,2866,39,346,5,65200.0,6600,58.0,80.0,1,1,1,72,2,243,5,1,24,0,2,26,0,7,28.0,0,9,0,94,15,24,1,677,24,6
715,1,647,69,40,284,74,186,1,4200000.0,451000,22.0,71.0,1,1,2,41,1,0,0,1,7,1,0,0,0,0,0.0,0,41,0,1517,18,78,1,169,26,0
716,1,3,0,0,1,51,2,1,183000.0,42300,18.0,34.0,1,1,1,40,1,301,2,1,13,0,37,15,0,14,11.0,0,0,0,493,184,47,1,519,16,47
717,1,398,153,0,310,66,119,8,723000.0,202000,17.0,71.0,1,1,2,58,2,157,2,1,19,1,2,55,1,12,14.0,0,29,17,204,47,51,1,124,11,24
718,1,118000,106,0,117579,65,100,8,920000.0,70900,72.0,76.0,1,1,2,35,2,20,1,3,34,2,5,21,3,4,11.0,0,0,0,0,41,41,1,620,26,0
719,1,65,184,3,85,71,75,1,29600000.0,3100000,61.0,73.0,1,1,2,47,1,329,3,1,47,1,0,0,0,0,0.0,0,4,1,47,4,64,1,372,11,8
720,0,62700,64400,2367,40238,100,4700,136,1200000000.0,36700000,63.0,94.0,1,1,1,55,2,45,1,1,24,1,5,21,2,6,19.0,4,0,0,76,32,45,1,217,37,32
721,0,6800,3200,3950,6633,100,2300,42,6700000000.0,323000000,85.0,100.0,1,1,2,22,1,0,0,1,10,1,13,23,0,18,21.0,9,8,2,1836,204,40,1,6307,360,0
722,0,450000,77900,8073,92768,100,6100,111,786000000.0,22800000,80.0,94.0,1,1,2,60,3,110,3,3,19,2,24,15,3,13,14.0,0,18,0,428,48,40,2,825,39,16
723,0,145000,62200,936,108065,43,7200,646,262000.0,74700,97.0,98.0,1,1,1,25,1,0,0,1,33,1,2,22,0,2,22.0,1,2,2,21,7,34,1,98,10,8
724,0,2000,2800,19,2806,43,608,19,304000.0,87400,55.0,93.0,1,1,1,33,1,253,2,1,19,1,330,16,0,3,44.0,3,10,2,386,21,31,1,4091,37,29
725,0,413,151,9,324,82,202,5,40300000.0,4300000,66.0,97.0,1,1,1,19,1,322,3,3,14,1,0,0,0,2,19.0,0,6,2,93,6,51,1,212,6,17
726,0,203,29,85,201,91,104,13,16100000.0,4500000,53.0,84.0,1,1,2,59,1,151,1,1,59,1,1,14,0,21,22.0,12,11,3,120,21,68,1,3983,158,24
727,0,505,65,360,490,64,191,13,3500000.0,1800000,76.0,96.0,1,1,2,60,2,146,1,1,25,1,20,21,7,15,47.0,2,9,0,153,26,72,1,2450,111,24
728,0,940,335,197,907,75,373,6,35600000.0,1200000,60.0,94.0,1,1,2,42,1,50,1,1,32,1,5,23,2,10,25.0,0,23,2,224,34,55,1,1111,65,26
729,0,8700,15000,401,5281,49,1800,0,734000.0,200000,99.0,99.0,0,1,1,43,2,157,1,1,43,1,0,0,0,0,0.0,0,0,0,413,1,20,0,4121,30,22
730,2,66,58,14,59,100,24,0,1300000000.0,124000000,97.0,78.0,1,1,2,74,1,249,2,2,31,2,2,20,0,28,27.0,8,24,10,89,5,100,1,417,29,20
731,2,40000,6600,70,24913,23,2200,382,10100.0,9000,61.0,94.0,1,1,1,53,1,0,0,1,0,0,4,13,0,8,51.0,6,18,2,147,8,31,1,499,21,12
732,2,61,41,0,82,87,51,7,72100000.0,4100000,30.0,55.0,1,1,2,44,1,120,1,1,34,1,5,45,2,17,19.0,0,0,0,130,46,83,1,845,70,34
733,2,1200,655,9,1340,34,543,4,65800.0,16400,61.0,86.0,0,1,1,91,2,183,2,2,21,1,0,0,0,4,16.0,0,26,3,174,12,49,1,857,53,28
734,2,13100,11600,18,516,30,1700,283,20400.0,2800,70.0,93.0,1,1,1,48,1,0,0,0,0,0,9,29,2,0,0.0,0,1,0,40,7,20,0,519,8,0
735,2,4900,121,0,4145,34,286,6,14200.0,4700,62.0,91.0,1,1,2,73,1,154,0,5,19,1,4,42,1,15,33.0,0,10,0,109,20,121,1,1591,19,9
736,2,1300,755,12,552,21,240,42,3200.0,3700,26.0,46.0,1,1,1,28,1,89,0,1,5,0,11,12,0,0,0.0,0,0,0,199,18,37,1,330,15,3
737,2,6,0,0,4,57,4,4,1300000.0,148000,31.0,76.0,1,1,2,80,2,97,1,1,63,2,9,12,0,2,16.0,0,12,2,239,17,58,1,1938,79,28
738,2,175,33,8,159,51,41,11,300000.0,71800,56.0,93.0,1,1,1,98,2,59,1,4,11,2,37,17,0,52,9.0,1,2,0,135,176,54,1,1470,51,27
739,2,192,93,1,271,52,149,6,844000.0,287000,46.0,78.0,1,1,2,43,1,0,0,3,33,1,11,14,0,1,6.0,0,7,0,115,22,72,1,214,39,28
740,1,294,138,0,258,64,102,2,5400000.0,2200000,52.0,85.0,1,1,2,65,1,143,2,1,28,1,1,48,1,6,42.0,4,10,1,160,4,52,1,1083,51,11
741,1,48200,42500,1,5,48,3200,7,105000.0,5900,79.0,99.0,1,1,1,5,0,36,0,1,5,0,1,36,0,5,17.0,0,0,0,9,9,17,0,528,2,0
742,1,17900,17000,0,0,44,1900,96,54600.0,12800,77.0,99.0,0,1,1,28,0,253,1,0,0,0,3,15,0,2,16.0,0,2,0,49,6,20,0,400,8,0
743,1,68,367,1,87,55,91,7,833000.0,63500,95.0,97.0,0,1,2,67,1,152,1,1,45,1,10,43,6,9,17.0,1,3,0,65,13,47,1,2393,30,0
744,1,38,30,1,41,61,31,2,1400000.0,150000,31.0,38.0,1,1,2,47,1,127,2,1,23,1,6,29,3,18,29.0,0,15,0,168,15,51,1,1214,44,21
745,1,951,220,182,982,62,124,9,2900000.0,1100000,66.0,76.0,1,1,2,52,1,200,0,1,52,1,7,31,5,0,0.0,0,3,0,241,21,93,1,2327,47,16
746,1,209,158,0,0,42,133,2,82700.0,6000,42.0,99.0,1,1,2,20,0,20,0,1,7,0,5,13,0,0,0.0,0,3,0,47,13,46,0,281,4,0
747,1,197,310,0,187,69,129,4,661000.0,197000,37.0,88.0,1,1,2,56,1,139,2,5,25,2,8,19,0,2,0.0,0,3,0,76,3,93,2,2157,27,24
748,1,12,0,0,12,52,3,0,78000.0,64400,57.0,86.0,1,1,2,47,1,0,0,1,47,1,6,15,1,5,40.0,0,0,0,91,2,69,2,188,7,17
749,1,0,4,0,1,70,4,6,1800000.0,392000,41.0,95.0,1,1,1,55,1,125,2,1,46,1,0,0,0,5,26.0,0,4,0,101,29,75,1,517,15,31
750,0,4400,1900,418,3624,98,818,32,6700000000.0,327000000,88.0,99.0,1,1,2,36,1,0,0,1,24,1,10,13,0,21,15.0,0,61,0,552,98,54,1,3623,37,0
751,0,112,60,11,120,70,80,2,1400000.0,130000,46.0,55.0,1,1,1,62,2,441,2,1,35,1,0,0,0,0,0.0,0,0,0,23,4,41,1,386,8,0
752,0,200,108,18,203,77,142,3,104000000.0,6300000,56.0,89.0,1,1,2,47,1,211,0,1,31,1,10,27,3,1,40.0,0,7,0,501,110,62,1,791,44,13
753,0,2000,1200,0,202,73,966,15,39200000.0,3900000,53.0,81.0,1,1,1,24,1,187,2,3,16,1,4,21,0,0,0.0,0,7,2,123,5,44,0,323,4,16
754,0,126,202,18,135,87,132,0,117000000.0,25100000,52.0,82.0,1,1,1,53,1,0,0,1,16,1,12,52,2,10,27.0,2,11,0,136,18,65,1,5180,47,25
755,0,140,133,7,149,67,111,2,13400000.0,1800000,56.0,97.0,1,1,2,85,1,158,2,1,84,1,11,31,4,15,23.0,1,59,3,192,13,40,1,1389,32,13
756,0,53,26,0,56,68,53,0,41100000.0,4000000,37.0,50.0,1,1,1,52,1,257,2,1,33,1,19,25,7,5,11.0,0,70,1,179,13,60,1,617,24,11
757,0,116,770,7,125,51,133,28,658000.0,78600,32.0,88.0,1,1,2,87,1,0,0,1,74,1,9,25,4,30,23.0,6,24,4,85,35,47,1,3234,25,0
758,0,186,142,0,0,59,136,1,900000.0,203000,85.0,100.0,1,1,1,26,0,0,0,1,10,0,0,0,0,2,9.0,0,3,0,26,11,44,0,247,0,19
759,0,872,280,19,667,58,256,5,24700000.0,2900000,37.0,78.0,1,1,1,33,1,166,1,2,25,2,6,25,1,16,22.0,5,43,0,124,49,45,0,511,18,33
760,2,4,2,0,3,13,4,0,2100000.0,83100,96.0,98.0,0,1,1,24,1,0,0,0,0,0,2,14,0,0,0.0,0,2,0,87,17,54,0,48,1,17
761,2,0,2,0,0,77,2,0,4500000.0,3200000,38.0,77.0,1,1,1,88,1,117,1,2,79,2,13,83,0,0,0.0,0,20,0,81,24,47,0,319,7,23
762,2,426,49,51,338,54,179,129,57300.0,13900,9.0,64.0,1,1,1,70,1,5,0,1,37,1,8,21,0,17,30.0,0,2,0,432,58,93,1,369,8,14
763,2,224,111,5,72,86,93,0,47100000.0,14100000,17.0,43.0,1,1,1,43,1,0,0,2,19,1,14,17,0,13,64.0,0,7,1,249,36,60,0,197,7,27
764,2,66,31,6,26,72,42,0,6200000.0,1000000,41.0,63.0,1,1,1,58,1,429,1,5,15,1,0,0,0,14,26.0,2,2,0,237,324,65,1,57,8,26
765,2,4,2,0,1,99,4,1,92000000000.0,383000000,74.0,98.0,1,1,2,43,1,167,3,1,16,1,2,31,1,6,15.0,0,0,0,27,8,60,0,578,13,0
766,2,3,6,0,4,67,6,0,5800000.0,540000,49.0,70.0,1,1,2,39,1,144,0,1,28,1,3,37,1,2,34.0,0,7,0,522,28,48,1,84,5,18
767,2,9,32,3,3,84,22,0,535000000.0,8500000,18.0,56.0,1,1,2,67,1,150,0,1,16,1,5,22,1,7,32.0,0,78,0,263,21,66,1,1603,4,27
768,2,58,1,34,44,50,10,4,29900.0,3500,63.0,94.0,1,1,1,34,1,227,1,1,22,1,1,69,0,11,34.0,1,2,0,70,8,35,1,609,8,11
769,2,9,47,2,35,70,25,11,324000.0,116000,24.0,87.0,1,1,1,24,1,82,1,1,24,1,1,28,0,1,55.0,0,14,2,118,18,68,1,1182,21,30
770,1,13,32,0,4,18,34,0,2700000.0,182000,62.0,92.0,0,0,1,0,0,0,0,0,0,0,0,0,0,0,0.0,0,0,0,0,0,48,0,1137,12,0
771,1,1,1,0,0,69,2,4,1500000.0,246000,37.0,86.0,1,1,1,59,1,144,0,1,36,1,2,17,0,0,0.0,0,0,0,66,15,86,1,181,4,0
772,1,327000,234000,0,0,69,7700,0,1200000.0,521000,23.0,74.0,1,1,1,105,1,0,0,1,46,1,5,21,0,24,44.0,1,3,1,242,41,70,0,667,8,24
774,1,164,202,2,199,51,104,15,306000.0,53600,44.0,85.0,1,1,2,33,1,131,2,2,22,1,5,40,4,4,23.0,0,7,1,92,23,60,1,1894,42,16
776,1,7,9,5,11,78,5,0,105000000.0,4200000,26.0,64.0,1,1,1,68,1,288,3,1,24,1,10,30,4,34,117.0,28,15,0,328,7,45,1,1343,52,13
777,1,37,7,0,25,78,25,0,3600000.0,1700000,43.0,55.0,0,1,1,0,0,0,0,0,0,0,0,0,0,0,0.0,0,0,0,0,0,67,0,1843,10,35
778,1,7,14,0,2,79,12,0,6200000.0,1300000,45.0,82.0,0,1,1,0,0,0,0,0,0,0,0,0,0,0,0.0,0,0,0,0,0,75,0,33550,150,0
779,1,123,253,46,46,71,192,0,2400000.0,667000,41.0,75.0,0,1,1,0,0,0,0,0,0,0,0,0,0,0,0.0,0,0,0,0,0,89,1,534,0,35
